ReciboID;FechaPago;ClienteID;FacturaID;Importe
50001;2024-07-01;47;20036;44205,47
50002;2024-07-01;14;20037;28734,9
50003;2024-07-02;33;20007;14521,83
50004;2024-07-03;33;20021;38084,92
50005;2024-07-03;71;20044;59877,49
50006;2024-07-10;71;20048;7956,64
50007;2024-07-12;33;20007;11665,46
50008;2024-07-14;5;20116;23757,88
50009;2024-07-15;47;20159;72161,55
50010;2024-07-16;69;20062;18564,53
50011;2024-07-16;47;20157;156613,45
50012;2024-07-18;32;20097;40506,41
50013;2024-07-18;14;20120;30191,11
50014;2024-07-19;41;20046;26046,65
50015;2024-07-19;5;20150;23788,29
50016;2024-07-20;42;20064;34863,11
50017;2024-07-21;27;20025;24933,33
50018;2024-07-21;28;20189;66215,22
50019;2024-07-23;42;20052;85213,11
50020;2024-07-23;14;20186;25026,12
50021;2024-07-24;71;20175;9748,07
50022;2024-07-25;75;20051;151895,79
50023;2024-07-25;42;20059;35457,34
50024;2024-07-25;77;20089;35820,56
50025;2024-07-26;41;20079;3456,25
50026;2024-07-26;28;20226;42958,0
50027;2024-07-26;71;20238;3707,29
50028;2024-07-27;75;20076;29690,97
50029;2024-07-27;28;20206;128039,44
50030;2024-07-28;57;20004;201465,33
50031;2024-07-28;41;20102;42284,85
50032;2024-07-28;71;20198;35443,95
50033;2024-07-28;33;20203;39794,12
50034;2024-07-29;49;20013;11055,16
50035;2024-07-29;80;20020;237945,46
50036;2024-07-30;31;20012;276764,75
50037;2024-07-30;31;20018;158797,56
50038;2024-07-31;3;20026;68654,11
50039;2024-07-31;33;20286;14424,74
50040;2024-08-01;12;20016;27964,82
50041;2024-08-01;65;20092;52067,37
50042;2024-08-01;42;20169;70545,5
50043;2024-08-01;28;20303;130564,05
50044;2024-08-02;2;20003;137681,35
50045;2024-08-02;73;20006;431865,07
50046;2024-08-02;31;20008;258142,83
50047;2024-08-02;38;20015;70834,46
50048;2024-08-02;75;20137;39996,44
50049;2024-08-02;27;20165;7216,11
50050;2024-08-02;32;20217;70043,28
50051;2024-08-03;27;20170;30255,76
50052;2024-08-04;25;20029;31147,17
50053;2024-08-05;9;20063;15907,5
50054;2024-08-05;69;20156;13500,58
50055;2024-08-05;42;20161;46402,9
50056;2024-08-06;77;20149;4585,3
50057;2024-08-07;31;20018;121815,67
50058;2024-08-07;58;20078;534653,86
50059;2024-08-07;31;20082;222553,18
50060;2024-08-07;19;20083;49867,27
50061;2024-08-07;1;20084;18273,89
50062;2024-08-07;71;20295;70458,57
50063;2024-08-07;33;20296;23992,56
50064;2024-08-08;37;20085;81907,16
50065;2024-08-08;58;20105;368578,19
50066;2024-08-08;32;20126;117768,66
50067;2024-08-08;28;20189;36787,49
50068;2024-08-08;69;20209;82830,29
50069;2024-08-08;71;20330;34213,61
50070;2024-08-09;44;20030;571321,27
50071;2024-08-09;68;20031;48900,66
50072;2024-08-09;3;20050;16295,41
50073;2024-08-09;3;20100;45552,01
50074;2024-08-09;28;20329;128082,42
50075;2024-08-09;47;20342;41318,61
50076;2024-08-10;19;20049;48654,73
50077;2024-08-10;58;20066;343196,45
50078;2024-08-10;1;20148;5490,11
50079;2024-08-10;27;20165;9405,54
50080;2024-08-10;41;20233;27913,94
50081;2024-08-10;78;20261;39496,31
50082;2024-08-11;4;20019;105786,9
50083;2024-08-11;1;20060;16348,34
50084;2024-08-11;49;20061;43343,37
50085;2024-08-11;46;20077;431710,04
50086;2024-08-11;36;20086;81642,65
50087;2024-08-11;76;20088;72673,74
50088;2024-08-11;43;20118;30366,67
50089;2024-08-11;23;20127;331887,94
50090;2024-08-11;37;20128;16188,58
50091;2024-08-11;23;20130;320612,45
50092;2024-08-11;75;20236;33667,52
50093;2024-08-12;67;20033;230144,26
50094;2024-08-12;57;20096;243153,63
50095;2024-08-12;32;20309;68472,05
50096;2024-08-13;57;20117;319397,74
50097;2024-08-13;14;20120;16274,99
50098;2024-08-13;72;20122;38434,33
50099;2024-08-13;22;20143;26462,92
50100;2024-08-13;34;20155;66156,41
50101;2024-08-13;75;20200;43059,08
50102;2024-08-13;28;20226;46190,26
50103;2024-08-13;27;20240;15306,13
50104;2024-08-13;78;20317;65836,56
50105;2024-08-13;28;20374;278765,4
50106;2024-08-14;64;20028;58340,23
50107;2024-08-14;67;20045;329931,08
50108;2024-08-14;57;20081;292279,68
50109;2024-08-14;46;20095;267641,37
50110;2024-08-14;38;20103;151852,37
50111;2024-08-14;57;20109;235794,31
50112;2024-08-14;25;20115;152453,38
50113;2024-08-14;12;20119;13460,43
50114;2024-08-14;77;20210;16581,82
50115;2024-08-15;22;20087;25680,55
50116;2024-08-15;63;20104;31721,76
50117;2024-08-15;72;20152;74093,93
50118;2024-08-15;6;20166;107733,43
50119;2024-08-15;77;20253;7500,85
50120;2024-08-16;7;20014;146979,06
50121;2024-08-16;24;20057;62879,09
50122;2024-08-16;80;20131;336214,48
50123;2024-08-16;77;20231;33897,54
50124;2024-08-16;28;20415;22275,38
50125;2024-08-16;14;20421;6302,6
50126;2024-08-16;14;20429;30605,08
50127;2024-08-17;73;20136;357799,39
50128;2024-08-17;46;20167;142948,01
50129;2024-08-17;69;20190;60614,96
50130;2024-08-17;14;20405;30984,74
50131;2024-08-18;36;20086;57145,26
50132;2024-08-18;6;20139;244489,87
50133;2024-08-18;49;20172;72090,39
50134;2024-08-18;57;20181;284638,49
50135;2024-08-18;58;20185;315645,46
50136;2024-08-18;69;20262;50450,95
50137;2024-08-19;64;20099;10148,49
50138;2024-08-19;3;20100;50900,76
50139;2024-08-19;35;20163;166064,44
50140;2024-08-19;6;20183;241213,4
50141;2024-08-20;51;20056;94400,3
50142;2024-08-20;76;20138;40924,92
50143;2024-08-20;43;20141;17233,06
50144;2024-08-20;77;20149;4707,46
50145;2024-08-20;6;20192;324941,17
50146;2024-08-20;3;20199;69777,25
50147;2024-08-20;23;20207;324266,53
50148;2024-08-20;77;20343;50625,76
50149;2024-08-21;38;20015;48454,52
50150;2024-08-21;77;20278;2411,13
50151;2024-08-21;42;20347;50635,01
50152;2024-08-22;16;20043;336325,19
50153;2024-08-22;23;20171;277605,07
50154;2024-08-22;6;20177;222198,4
50155;2024-08-22;12;20201;19047,27
50156;2024-08-22;79;20205;18573,69
50157;2024-08-22;41;20365;25917,91
50158;2024-08-22;5;20440;63079,01
50159;2024-08-23;2;20003;112417,65
50160;2024-08-23;26;20005;7075,82
50161;2024-08-23;64;20093;46390,22
50162;2024-08-23;2;20174;288326,03
50163;2024-08-23;50;20193;73083,21
50164;2024-08-23;79;20194;12456,93
50165;2024-08-23;21;20214;42931,85
50166;2024-08-23;79;20215;7907,92
50167;2024-08-23;70;20246;22808,55
50168;2024-08-23;5;20433;71035,12
50169;2024-08-24;4;20023;45664,15
50170;2024-08-24;6;20211;115285,63
50171;2024-08-24;57;20223;246083,41
50172;2024-08-24;57;20225;278762,35
50173;2024-08-24;28;20464;192959,76
50174;2024-08-25;7;20022;182270,4
50175;2024-08-25;4;20024;144163,57
50176;2024-08-25;8;20041;124877,12
50177;2024-08-25;68;20042;19700,27
50178;2024-08-25;19;20222;57212,37
50179;2024-08-25;69;20346;40634,19
50180;2024-08-26;7;20014;70110,17
50181;2024-08-26;61;20034;35447,91
50182;2024-08-26;64;20047;33133,04
50183;2024-08-26;51;20053;62034,7
50184;2024-08-26;10;20196;54121,28
50185;2024-08-26;5;20470;27558,94
50186;2024-08-26;14;20478;19003,11
50187;2024-08-26;14;20535;61564,42
50188;2024-08-27;39;20011;28763,46
50189;2024-08-27;67;20045;176245,82
50190;2024-08-27;31;20247;279362,11
50191;2024-08-27;32;20334;148885,07
50192;2024-08-27;5;20498;30800,49
50193;2024-08-28;68;20069;100587,98
50194;2024-08-28;51;20074;41430,84
50195;2024-08-28;16;20091;357458,91
50196;2024-08-28;57;20204;172756,69
50197;2024-08-28;6;20239;299160,52
50198;2024-08-28;12;20250;37828,92
50199;2024-08-28;65;20338;12998,52
50200;2024-08-29;30;20055;17718,15
50201;2024-08-29;7;20129;212166,8
50202;2024-08-29;1;20212;35193,06
50203;2024-08-29;6;20232;245140,64
50204;2024-08-29;35;20242;323045,53
50205;2024-08-29;31;20245;218877,1
50206;2024-08-29;56;20259;92676,84
50207;2024-08-29;38;20263;101569,13
50208;2024-08-29;42;20386;51769,27
50209;2024-08-29;75;20416;85250,61
50210;2024-08-30;48;20039;8145,42
50211;2024-08-30;13;20070;77588,5
50212;2024-08-30;29;20098;34609,14
50213;2024-08-30;79;20219;37641,81
50214;2024-08-30;22;20275;19373,99
50215;2024-08-30;25;20289;53971,65
50216;2024-08-30;31;20290;110331,78
50217;2024-08-30;78;20320;32782,84
50218;2024-08-30;42;20391;12347,87
50219;2024-08-30;14;20421;9425,76
50220;2024-08-30;33;20557;10330,97
50221;2024-08-31;40;20111;294335,89
50222;2024-08-31;61;20144;39277,6
50223;2024-08-31;73;20227;262134,74
50224;2024-08-31;3;20276;54419,62
50225;2024-08-31;43;20291;30137,94
50226;2024-08-31;9;20293;23516,44
50227;2024-08-31;33;20501;67369,63
50228;2024-09-01;4;20019;65161,2
50229;2024-09-01;59;20038;51933,02
50230;2024-09-01;51;20075;64839,12
50231;2024-09-01;34;20110;88561,99
50232;2024-09-01;6;20244;235295,03
50233;2024-09-01;37;20251;43776,19
50234;2024-09-01;35;20256;289151,33
50235;2024-09-01;10;20312;91054,86
50236;2024-09-01;71;20581;9434,86
50237;2024-09-02;4;20237;220604,19
50238;2024-09-02;57;20249;250607,64
50239;2024-09-02;72;20266;1076,98
50240;2024-09-02;58;20282;454968,47
50241;2024-09-02;57;20292;395025,08
50242;2024-09-02;57;20304;306879,89
50243;2024-09-02;65;20328;119957,85
50244;2024-09-03;39;20009;51283,05
50245;2024-09-03;29;20208;50357,44
50246;2024-09-03;72;20255;17960,76
50247;2024-09-03;21;20265;24823,68
50248;2024-09-03;2;20283;306574,94
50249;2024-09-03;58;20299;345592,41
50250;2024-09-03;80;20315;232134,57
50251;2024-09-03;3;20325;706,56
50252;2024-09-03;78;20513;18330,68
50253;2024-09-04;59;20002;66960,62
50254;2024-09-04;20;20010;122421,54
50255;2024-09-04;15;20035;58392,14
50256;2024-09-04;37;20257;32416,29
50257;2024-09-04;12;20277;55662,55
50258;2024-09-04;35;20336;284724,47
50259;2024-09-04;78;20540;51049,28
50260;2024-09-05;39;20017;65235,44
50261;2024-09-05;73;20284;527884,93
50262;2024-09-05;76;20326;57837,58
50263;2024-09-05;6;20341;152445,05
50264;2024-09-05;66;20344;29396,97
50265;2024-09-05;5;20568;58770,66
50266;2024-09-05;28;20611;35060,92
50267;2024-09-06;64;20112;45149,18
50268;2024-09-06;16;20114;592053,73
50269;2024-09-06;16;20124;592879,45
50270;2024-09-06;16;20125;257993,9
50271;2024-09-06;6;20166;106607,61
50272;2024-09-06;69;20375;39953,24
50273;2024-09-06;14;20585;27974,58
50274;2024-09-06;14;20631;32782,17
50275;2024-09-07;20;20072;142406,38
50276;2024-09-07;63;20314;19977,69
50277;2024-09-08;68;20230;28273,17
50278;2024-09-08;52;20258;119789,37
50279;2024-09-08;58;20318;362786,88
50280;2024-09-08;33;20608;38583,26
50281;2024-09-08;14;20644;32218,93
50282;2024-09-09;44;20154;253600,98
50283;2024-09-09;49;20324;41373,06
50284;2024-09-09;43;20358;42774,53
50285;2024-09-09;25;20378;95286,61
50286;2024-09-09;36;20414;255652,7
50287;2024-09-10;61;20202;19514,92
50288;2024-09-10;21;20322;39951,51
50289;2024-09-10;22;20333;15930,9
50290;2024-09-10;1;20335;38369,04
50291;2024-09-10;25;20339;88283,98
50292;2024-09-10;19;20361;36208,11
50293;2024-09-10;65;20367;38577,42
50294;2024-09-10;14;20607;61837,71
50295;2024-09-11;64;20188;31371,36
50296;2024-09-11;8;20287;72897,41
50297;2024-09-11;13;20288;97596,02
50298;2024-09-11;24;20337;21045,41
50299;2024-09-11;19;20360;43583,53
50300;2024-09-11;17;20370;322987,81
50301;2024-09-11;73;20382;513365,15
50302;2024-09-11;66;20388;26676,37
50303;2024-09-11;31;20403;81546,91
50304;2024-09-11;36;20412;31691,22
50305;2024-09-11;65;20472;78331,28
50306;2024-09-11;27;20548;46114,24
50307;2024-09-11;28;20661;43420,88
50308;2024-09-12;24;20260;22109,75
50309;2024-09-12;7;20267;511755,91
50310;2024-09-12;51;20272;55278,22
50311;2024-09-12;6;20349;269416,11
50312;2024-09-12;50;20393;20689,58
50313;2024-09-12;21;20394;57698,59
50314;2024-09-12;66;20406;11081,52
50315;2024-09-13;62;20147;23349,76
50316;2024-09-13;52;20235;33724,96
50317;2024-09-13;52;20316;96013,59
50318;2024-09-13;37;20331;74924,89
50319;2024-09-13;51;20359;43660,96
50320;2024-09-13;73;20363;615005,73
50321;2024-09-13;80;20401;187442,17
50322;2024-09-13;58;20411;298961,24
50323;2024-09-13;23;20417;428344,01
50324;2024-09-13;65;20451;52995,37
50325;2024-09-13;36;20475;97887,45
50326;2024-09-14;6;20232;127983,79
50327;2024-09-14;73;20362;311664,09
50328;2024-09-14;50;20369;37282,66
50329;2024-09-14;9;20373;47578,23
50330;2024-09-14;42;20569;35688,99
50331;2024-09-15;29;20098;41674,58
50332;2024-09-15;39;20108;26048,88
50333;2024-09-15;59;20178;15603,56
50334;2024-09-15;39;20179;26173,49
50335;2024-09-15;30;20279;28257,0
50336;2024-09-15;58;20371;137656,0
50337;2024-09-15;80;20380;173111,46
50338;2024-09-15;3;20420;73035,99
50339;2024-09-15;76;20439;29114,16
50340;2024-09-15;32;20459;136655,55
50341;2024-09-15;33;20557;14197,65
50342;2024-09-15;47;20666;30980,79
50343;2024-09-15;71;20701;5719,52
50344;2024-09-16;39;20173;60576,2
50345;2024-09-16;61;20252;36625,15
50346;2024-09-16;29;20350;70347,56
50347;2024-09-16;46;20379;228060,11
50348;2024-09-16;36;20384;135389,39
50349;2024-09-16;72;20408;73832,84
50350;2024-09-16;49;20435;36115,48
50351;2024-09-16;77;20516;9852,04
50352;2024-09-16;41;20524;66947,89
50353;2024-09-16;77;20544;20814,23
50354;2024-09-17;39;20133;7951,7
50355;2024-09-17;62;20140;13473,4
50356;2024-09-17;74;20142;208551,78
50357;2024-09-17;20;20146;40736,56
50358;2024-09-17;76;20431;35312,04
50359;2024-09-17;63;20438;16604,85
50360;2024-09-17;37;20443;36929,18
50361;2024-09-17;70;20473;50600,17
50362;2024-09-18;39;20134;21029,7
50363;2024-09-18;20;20162;155037,87
50364;2024-09-18;61;20213;36284,05
50365;2024-09-18;44;20254;487968,96
50366;2024-09-18;64;20306;77465,99
50367;2024-09-18;68;20383;2904,64
50368;2024-09-18;4;20387;109295,04
50369;2024-09-18;21;20447;66936,3
50370;2024-09-18;14;20739;18504,46
50371;2024-09-19;20;20164;125745,95
50372;2024-09-19;16;20308;361373,87
50373;2024-09-19;57;20400;297118,08
50374;2024-09-19;19;20441;13407,63
50375;2024-09-19;43;20444;16381,9
50376;2024-09-19;6;20449;464257,69
50377;2024-09-19;35;20453;117471,68
50378;2024-09-19;17;20463;148268,24
50379;2024-09-19;75;20550;85671,47
50380;2024-09-19;75;20565;121904,82
50381;2024-09-20;59;20153;67000,11
50382;2024-09-20;11;20268;26351,0
50383;2024-09-20;7;20323;520271,02
50384;2024-09-20;73;20423;427356,29
50385;2024-09-20;25;20425;46347,64
50386;2024-09-20;73;20432;790126,3
50387;2024-09-20;56;20462;91114,85
50388;2024-09-20;1;20474;33959,37
50389;2024-09-20;38;20484;56436,16
50390;2024-09-20;79;20488;22882,98
50391;2024-09-20;78;20545;17611,19
50392;2024-09-20;42;20609;14825,26
50393;2024-09-20;28;20715;62738,75
50394;2024-09-20;5;20727;42364,66
50395;2024-09-20;33;20759;65468,52
50396;2024-09-21;48;20187;40859,97
50397;2024-09-21;15;20224;170598,18
50398;2024-09-21;19;20361;30890,85
50399;2024-09-21;63;20422;14847,31
50400;2024-09-21;16;20430;438818,87
50401;2024-09-21;75;20584;86377,66
50402;2024-09-21;71;20698;57348,79
50403;2024-09-22;39;20195;18086,72
50404;2024-09-22;31;20247;149063,63
50405;2024-09-22;52;20297;169783,3
50406;2024-09-22;4;20376;144112,19
50407;2024-09-22;80;20401;103219,73
50408;2024-09-22;8;20402;148944,81
50409;2024-09-22;50;20466;63983,02
50410;2024-09-22;79;20468;7714,9
50411;2024-09-22;9;20552;15019,94
50412;2024-09-23;48;20234;9208,85
50413;2024-09-23;67;20269;240079,14
50414;2024-09-23;30;20307;7232,7
50415;2024-09-23;16;20327;137690,38
50416;2024-09-23;6;20434;329564,81
50417;2024-09-23;21;20450;44358,39
50418;2024-09-23;19;20457;48765,96
50419;2024-09-23;9;20465;22216,3
50420;2024-09-23;19;20469;57946,21
50421;2024-09-23;58;20487;247007,29
50422;2024-09-23;70;20494;44607,64
50423;2024-09-23;58;20517;153236,07
50424;2024-09-23;32;20655;80716,68
50425;2024-09-23;47;20666;22025,04
50426;2024-09-23;14;20724;47975,71
50427;2024-09-24;62;20140;8601,57
50428;2024-09-24;59;20184;55621,63
50429;2024-09-24;30;20356;29066,25
50430;2024-09-24;22;20525;75388,49
50431;2024-09-25;18;20068;82334,29
50432;2024-09-25;30;20398;36446,51
50433;2024-09-25;36;20404;164596,17
50434;2024-09-25;4;20419;143218,28
50435;2024-09-25;16;20424;328196,13
50436;2024-09-25;57;20460;316812,67
50437;2024-09-26;18;20101;99713,23
50438;2024-09-26;39;20108;18511,03
50439;2024-09-26;39;20229;29985,89
50440;2024-09-26;16;20390;557876,49
50441;2024-09-26;65;20486;26889,16
50442;2024-09-26;76;20493;28087,93
50443;2024-09-26;79;20496;18029,36
50444;2024-09-26;73;20499;566035,67
50445;2024-09-26;63;20505;27813,02
50446;2024-09-26;49;20521;82637,02
50447;2024-09-26;21;20534;49017,31
50448;2024-09-26;32;20574;194508,06
50449;2024-09-26;1;20590;9194,18
50450;2024-09-26;47;20755;115555,88
50451;2024-09-27;48;20221;13641,26
50452;2024-09-27;34;20228;82095,42
50453;2024-09-27;31;20403;100823,93
50454;2024-09-27;58;20502;353302,09
50455;2024-09-27;76;20562;103035,85
50456;2024-09-27;37;20617;6792,96
50457;2024-09-28;15;20220;80708,52
50458;2024-09-28;73;20227;122041,59
50459;2024-09-28;29;20305;118952,02
50460;2024-09-28;3;20500;45690,18
50461;2024-09-28;22;20507;18221,47
50462;2024-09-28;35;20508;196298,9
50463;2024-09-28;31;20549;308775,82
50464;2024-09-28;49;20555;20468,13
50465;2024-09-28;69;20598;32284,38
50466;2024-09-28;32;20665;87540,97
50467;2024-09-29;13;20107;44369,21
50468;2024-09-29;40;20111;192424,82
50469;2024-09-29;45;20168;73847,82
50470;2024-09-29;4;20397;139866,02
50471;2024-09-29;50;20518;54903,26
50472;2024-09-29;79;20528;7771,53
50473;2024-09-29;35;20530;161716,64
50474;2024-09-29;77;20654;6372,96
50475;2024-09-29;14;20843;74703,1
50476;2024-09-30;72;20255;8408,29
50477;2024-09-30;59;20271;57951,12
50478;2024-09-30;39;20298;69092,05
50479;2024-09-30;7;20364;660336,94
50480;2024-09-30;66;20388;25423,2
50481;2024-09-30;30;20399;14244,88
50482;2024-09-30;24;20442;47091,61
50483;2024-09-30;52;20483;147981,32
50484;2024-09-30;40;20497;511060,75
50485;2024-09-30;31;20538;230459,18
50486;2024-09-30;63;20564;49243,64
50487;2024-09-30;12;20576;2966,36
50488;2024-09-30;75;20672;97567,34
50489;2024-09-30;41;20683;36850,48
50490;2024-09-30;14;20788;16016,97
50491;2024-10-01;18;20180;128433,71
50492;2024-10-01;36;20412;19403,77
50493;2024-10-01;40;20492;431960,94
50494;2024-10-01;25;20519;13922,55
50495;2024-10-01;56;20531;33530,06
50496;2024-10-01;23;20554;584085,57
50497;2024-10-01;19;20559;73030,76
50498;2024-10-01;58;20573;225222,64
50499;2024-10-01;50;20586;27920,78
50500;2024-10-01;70;20601;64318,72
50501;2024-10-01;77;20682;17334,71
50502;2024-10-01;77;20697;13044,82
50503;2024-10-01;28;20807;116581,09
50504;2024-10-02;44;20154;258947,35
50505;2024-10-02;59;20301;29526,66
50506;2024-10-02;24;20480;40339,92
50507;2024-10-02;9;20522;3573,72
50508;2024-10-02;35;20542;241534,46
50509;2024-10-02;21;20566;61580,24
50510;2024-10-02;79;20589;1323,58
50511;2024-10-02;69;20688;37012,99
50512;2024-10-02;28;20806;170315,34
50513;2024-10-02;5;20855;49721,39
50514;2024-10-03;34;20121;40626,03
50515;2024-10-03;16;20389;408041,82
50516;2024-10-03;7;20427;272977,77
50517;2024-10-03;76;20578;70500,54
50518;2024-10-03;3;20613;4932,33
50519;2024-10-03;22;20618;36618,2
50520;2024-10-03;14;20852;28370,56
50521;2024-10-04;18;20216;71407,71
50522;2024-10-04;37;20257;18446,04
50523;2024-10-04;59;20345;14822,34
50524;2024-10-04;9;20541;39484,85
50525;2024-10-04;35;20546;397685,53
50526;2024-10-04;49;20551;11072,8
50527;2024-10-04;56;20571;67875,59
50528;2024-10-04;72;20592;46471,7
50529;2024-10-05;74;20073;140354,39
50530;2024-10-05;26;20106;78141,89
50531;2024-10-05;36;20413;147314,13
50532;2024-10-05;8;20510;49158,06
50533;2024-10-05;31;20599;107595,89
50534;2024-10-05;9;20679;9232,47
50535;2024-10-06;36;20321;51754,58
50536;2024-10-06;22;20333;12354,57
50537;2024-10-06;16;20377;454082,8
50538;2024-10-06;52;20489;113231,85
50539;2024-10-06;9;20625;29128,04
50540;2024-10-06;41;20763;27133,27
50541;2024-10-07;59;20311;31438,02
50542;2024-10-07;30;20436;4837,89
50543;2024-10-07;9;20536;20639,02
50544;2024-10-07;75;20550;44173,44
50545;2024-10-07;50;20588;71912,1
50546;2024-10-07;76;20593;47105,88
50547;2024-10-07;73;20619;462521,03
50548;2024-10-07;79;20636;6119,34
50549;2024-10-07;72;20645;55753,4
50550;2024-10-07;65;20710;17342,52
50551;2024-10-07;71;20901;20134,03
50552;2024-10-08;61;20392;63211,09
50553;2024-10-08;52;20446;87007,92
50554;2024-10-08;64;20533;22660,57
50555;2024-10-08;58;20597;84562,97
50556;2024-10-08;19;20634;35662,76
50557;2024-10-08;23;20635;363147,66
50558;2024-10-08;49;20650;28944,47
50559;2024-10-08;69;20709;79606,26
50560;2024-10-08;41;20717;9824,83
50561;2024-10-08;77;20758;28405,64
50562;2024-10-08;75;20762;71105,07
50563;2024-10-08;75;20767;205219,41
50564;2024-10-08;69;20791;1983,51
50565;2024-10-08;69;20814;63929,88
50566;2024-10-08;5;20878;28817,67
50567;2024-10-09;34;20113;58822,78
50568;2024-10-09;26;20191;46251,77
50569;2024-10-09;7;20461;267986,2
50570;2024-10-09;24;20482;50455,36
50571;2024-10-09;3;20605;48292,79
50572;2024-10-09;80;20643;303454,28
50573;2024-10-09;32;20681;68785,42
50574;2024-10-09;32;20740;171046,82
50575;2024-10-09;27;20751;34529,98
50576;2024-10-09;27;20796;12704,76
50577;2024-10-09;32;20853;132940,81
50578;2024-10-09;14;20945;16313,65
50579;2024-10-10;18;20197;97998,87
50580;2024-10-10;51;20479;25274,78
50581;2024-10-10;64;20495;36079,78
50582;2024-10-10;6;20614;241399,63
50583;2024-10-10;19;20615;2801,54
50584;2024-10-10;12;20638;34321,32
50585;2024-10-10;46;20668;196823,53
50586;2024-10-10;42;20761;8845,55
50587;2024-10-10;28;20929;83173,57
50588;2024-10-10;5;20934;14141,83
50589;2024-10-11;62;20348;61338,42
50590;2024-10-11;15;20372;104285,99
50591;2024-10-11;74;20445;327846,41
50592;2024-10-11;34;20481;35581,51
50593;2024-10-11;61;20537;43254,54
50594;2024-10-11;35;20669;65310,01
50595;2024-10-11;46;20673;125956,07
50596;2024-10-12;39;20133;5597,68
50597;2024-10-12;24;20437;46149,15
50598;2024-10-12;34;20485;10897,87
50599;2024-10-12;8;20587;148274,16
50600;2024-10-12;16;20602;615085,32
50601;2024-10-12;35;20622;139216,14
50602;2024-10-12;79;20658;39561,02
50603;2024-10-12;27;20797;18592,36
50604;2024-10-12;27;20820;44358,58
50605;2024-10-12;28;20990;199372,89
50606;2024-10-13;54;20158;23046,71
50607;2024-10-13;62;20352;59697,84
50608;2024-10-13;79;20528;3420,87
50609;2024-10-13;44;20547;527985,57
50610;2024-10-13;68;20604;11937,09
50611;2024-10-13;4;20612;136837,98
50612;2024-10-13;70;20630;34529,22
50613;2024-10-13;56;20663;3280,79
50614;2024-10-13;49;20680;2086,36
50615;2024-10-13;10;20689;107546,17
50616;2024-10-13;69;20802;32378,28
50617;2024-10-14;67;20467;456555,76
50618;2024-10-14;70;20637;8070,3
50619;2024-10-14;9;20639;10489,88
50620;2024-10-14;16;20641;571377,88
50621;2024-10-14;65;20642;50230,27
50622;2024-10-14;49;20686;17452,6
50623;2024-10-14;21;20696;41444,61
50624;2024-10-14;2;20702;101735,82
50625;2024-10-14;12;20703;39346,38
50626;2024-10-14;41;20786;4222,21
50627;2024-10-14;27;20803;7458,62
50628;2024-10-14;77;20827;15355,22
50629;2024-10-14;32;20885;107168,99
50630;2024-10-14;32;20918;65785,58
50631;2024-10-15;11;20123;2930,4
50632;2024-10-15;51;20624;46956,6
50633;2024-10-15;67;20640;130068,17
50634;2024-10-15;79;20646;39350,08
50635;2024-10-15;57;20648;260182,97
50636;2024-10-15;77;20846;31018,84
50637;2024-10-16;11;20080;25312,81
50638;2024-10-16;61;20511;74226,16
50639;2024-10-16;68;20596;27749,28
50640;2024-10-16;24;20610;24217,93
50641;2024-10-16;24;20651;89950,42
50642;2024-10-16;6;20657;363553,54
50643;2024-10-16;12;20671;16568,73
50644;2024-10-16;10;20704;95828,96
50645;2024-10-16;70;20711;111569,57
50646;2024-10-16;32;20844;271210,46
50647;2024-10-16;77;20867;13414,0
50648;2024-10-16;78;20904;107650,93
50649;2024-10-16;71;20947;27465,87
50650;2024-10-16;14;20967;64225,16
50651;2024-10-16;47;20991;110601,38
50652;2024-10-17;52;20514;114887,76
50653;2024-10-17;12;20576;2707,38
50654;2024-10-17;50;20676;142899,36
50655;2024-10-17;58;20691;11663,4
50656;2024-10-17;73;20719;183673,14
50657;2024-10-17;27;20838;13494,14
50658;2024-10-17;77;20889;23518,09
50659;2024-10-17;14;20945;10355,39
50660;2024-10-18;53;20054;26136,81
50661;2024-10-18;34;20319;36521,17
50662;2024-10-18;72;20678;33535,6
50663;2024-10-18;22;20692;42351,17
50664;2024-10-18;22;20720;48979,01
50665;2024-10-18;17;20725;309367,22
50666;2024-10-18;58;20733;391206,51
50667;2024-10-18;2;20738;376387,41
50668;2024-10-18;75;20882;27411,86
50669;2024-10-18;5;21001;55715,85
50670;2024-10-18;47;21034;87161,99
50671;2024-10-19;74;20176;283756,21
50672;2024-10-19;59;20452;32956,2
50673;2024-10-19;59;20458;71423,41
50674;2024-10-19;35;20669;84523,86
50675;2024-10-19;56;20685;53850,48
50676;2024-10-19;19;20693;82647,06
50677;2024-10-19;17;20705;419738,31
50678;2024-10-19;73;20716;306325,74
50679;2024-10-19;75;20871;108498,29
50680;2024-10-20;13;20396;56082,07
50681;2024-10-20;15;20455;120383,98
50682;2024-10-20;36;20477;83489,02
50683;2024-10-20;8;20633;19747,42
50684;2024-10-20;68;20664;134270,05
50685;2024-10-20;30;20675;81463,97
50686;2024-10-20;22;20728;36415,99
50687;2024-10-20;73;20731;176016,54
50688;2024-10-20;2;20732;93765,65
50689;2024-10-20;35;20742;139682,55
50690;2024-10-20;2;20746;297052,18
50691;2024-10-20;70;20781;58311,12
50692;2024-10-20;32;20942;149317,97
50693;2024-10-20;28;20984;62825,34
50694;2024-10-21;13;20302;17782,17
50695;2024-10-21;11;20509;23865,17
50696;2024-10-21;14;20788;17816,0
50697;2024-10-22;11;20040;17043,73
50698;2024-10-22;36;20281;31818,48
50699;2024-10-22;7;20461;194996,07
50700;2024-10-22;34;20485;6854,41
50701;2024-10-22;48;20490;20322,44
50702;2024-10-22;20;20504;101523,58
50703;2024-10-22;8;20543;112079,43
50704;2024-10-22;67;20600;360382,71
50705;2024-10-22;46;20673;123195,1
50706;2024-10-22;9;20706;17827,04
50707;2024-10-22;6;20707;477142,27
50708;2024-10-22;46;20734;263795,92
50709;2024-10-22;31;20737;395414,56
50710;2024-10-22;73;20743;523314,31
50711;2024-10-22;27;20887;29553,56
50712;2024-10-22;27;20922;29352,85
50713;2024-10-22;28;21074;22683,79
50714;2024-10-23;74;20310;165340,31
50715;2024-10-23;52;20563;51615,17
50716;2024-10-23;2;20726;202555,09
50717;2024-10-23;23;20749;673876,5
50718;2024-10-23;49;20753;30458,65
50719;2024-10-23;50;20771;16750,47
50720;2024-10-23;27;20949;15898,58
50721;2024-10-23;32;20978;146214,0
50722;2024-10-23;5;21036;20903,15
50723;2024-10-23;33;21062;76641,65
50724;2024-10-24;13;20340;30359,11
50725;2024-10-24;15;20456;168872,48
50726;2024-10-24;64;20495;18472,86
50727;2024-10-24;30;20606;29156,48
50728;2024-10-24;73;20745;135090,81
50729;2024-10-24;22;20808;2508,24
50730;2024-10-24;9;20848;53039,6
50731;2024-10-24;42;20941;43907,94
50732;2024-10-24;69;20998;68070,44
50733;2024-10-25;59;20471;65570,74
50734;2024-10-25;45;20512;84463,38
50735;2024-10-25;39;20515;43729,62
50736;2024-10-25;48;20532;16446,98
50737;2024-10-25;58;20597;59929,55
50738;2024-10-25;61;20627;69647,92
50739;2024-10-25;49;20765;55409,59
50740;2024-10-25;35;20775;337448,81
50741;2024-10-25;3;20801;60641,88
50742;2024-10-25;6;20813;458356,49
50743;2024-10-25;70;20864;8470,68
50744;2024-10-25;32;20873;197207,82
50745;2024-10-26;36;20294;204813,11
50746;2024-10-26;48;20491;22027,39
50747;2024-10-26;16;20670;430585,02
50748;2024-10-26;72;20748;59294,9
50749;2024-10-26;22;20773;14041,35
50750;2024-10-26;73;20799;406609,01
50751;2024-10-26;70;20849;9015,66
50752;2024-10-26;47;21113;82649,71
50753;2024-10-27;45;20135;59432,82
50754;2024-10-27;11;20160;17083,4
50755;2024-10-27;18;20216;48646,88
50756;2024-10-27;45;20270;104906,66
50757;2024-10-27;61;20603;6000,13
50758;2024-10-27;67;20621;166866,85
50759;2024-10-27;67;20660;352869,08
50760;2024-10-27;41;20717;9040,59
50761;2024-10-27;73;20731;148209,44
50762;2024-10-27;23;20772;335054,43
50763;2024-10-27;3;20779;70829,4
50764;2024-10-27;32;20953;77796,25
50765;2024-10-27;14;21114;143423,28
50766;2024-10-28;39;20526;34089,67
50767;2024-10-28;68;20583;22728,93
50768;2024-10-28;51;20674;2077,77
50769;2024-10-28;37;20744;23368,09
50770;2024-10-28;2;20804;189995,44
50771;2024-10-28;80;20818;246735,19
50772;2024-10-28;23;20837;615558,22
50773;2024-10-28;42;20927;26428,25
50774;2024-10-28;77;20959;3678,08
50775;2024-10-28;33;21095;78428,61
50776;2024-10-29;18;20355;190201,97
50777;2024-10-29;26;20426;86534,26
50778;2024-10-29;54;20520;36718,29
50779;2024-10-29;20;20523;87554,14
50780;2024-10-29;51;20620;14398,39
50781;2024-10-29;24;20659;26607,71
50782;2024-10-29;35;20774;287420,07
50783;2024-10-29;17;20782;481286,58
50784;2024-10-29;35;20793;311650,18
50785;2024-10-29;22;20825;19754,64
50786;2024-10-29;58;20836;314884,93
50787;2024-10-29;47;21083;21547,92
50788;2024-10-30;18;20353;81927,5
50789;2024-10-30;15;20561;76906,56
50790;2024-10-30;21;20566;30331,04
50791;2024-10-30;64;20653;83180,44
50792;2024-10-30;9;20766;13883,61
50793;2024-10-30;13;20770;48460,9
50794;2024-10-30;70;20798;55315,55
50795;2024-10-30;31;20805;333572,28
50796;2024-10-30;72;20810;105697,69
50797;2024-10-30;75;20971;175576,19
50798;2024-10-30;14;21100;29141,22
50799;2024-10-31;26;20151;3804,1
50800;2024-10-31;62;20527;14904,26
50801;2024-10-31;62;20539;44546,91
50802;2024-10-31;62;20553;92022,49
50803;2024-10-31;20;20567;137127,28
50804;2024-10-31;64;20629;5104,95
50805;2024-10-31;13;20721;10388,18
50806;2024-10-31;42;20761;13182,75
50807;2024-10-31;46;20829;389471,31
50808;2024-10-31;50;20875;73505,51
50809;2024-10-31;32;20925;96032,21
50810;2024-11-01;6;20833;140947,37
50811;2024-11-01;57;20856;318460,27
50812;2024-11-01;38;20883;129842,89
50813;2024-11-01;10;20892;19863,19
50814;2024-11-01;71;20901;9320,09
50815;2024-11-01;28;21119;76409,35
50816;2024-11-01;5;21145;50721,98
50817;2024-11-02;53;20243;14592,53
50818;2024-11-02;7;20712;472158,67
50819;2024-11-02;73;20719;131440,34
50820;2024-11-02;40;20809;737055,38
50821;2024-11-02;50;20824;47005,43
50822;2024-11-02;63;20834;34538,4
50823;2024-11-02;49;20850;39916,05
50824;2024-11-02;72;20861;36574,99
50825;2024-11-02;19;20869;20435,87
50826;2024-11-02;14;21138;72329,3
50827;2024-11-03;20;20560;33995,15
50828;2024-11-03;51;20700;35047,38
50829;2024-11-03;8;20730;56046,79
50830;2024-11-03;61;20741;36567,13
50831;2024-11-03;61;20757;15677,25
50832;2024-11-03;35;20868;100864,61
50833;2024-11-03;38;20877;170759,96
50834;2024-11-03;22;20897;59476,41
50835;2024-11-03;70;20957;39675,65
50836;2024-11-03;78;21101;18796,59
50837;2024-11-04;15;20575;142639,12
50838;2024-11-04;20;20623;28235,58
50839;2024-11-04;49;20686;9935,88
50840;2024-11-04;23;20822;606065,63
50841;2024-11-04;6;20870;250388,2
50842;2024-11-04;42;20927;14956,28
50843;2024-11-04;47;21151;75972,94
50844;2024-11-05;53;20395;46349,03
50845;2024-11-05;20;20595;46611,27
50846;2024-11-05;64;20714;60387,95
50847;2024-11-05;73;20716;291060,36
50848;2024-11-05;35;20742;159584,02
50849;2024-11-05;30;20764;26817,58
50850;2024-11-05;16;20768;357266,14
50851;2024-11-05;52;20780;90279,58
50852;2024-11-05;43;20845;15977,12
50853;2024-11-05;2;20859;316870,37
50854;2024-11-05;22;20863;27132,46
50855;2024-11-05;35;20872;175715,52
50856;2024-11-05;79;20876;28984,7
50857;2024-11-05;63;20888;1501,96
50858;2024-11-05;6;20926;313001,89
50859;2024-11-05;5;21187;329,14
50860;2024-11-05;47;21189;69833,78
50861;2024-11-06;74;20418;381376,12
50862;2024-11-06;51;20677;45598,42
50863;2024-11-06;30;20752;27997,58
50864;2024-11-06;1;20893;1823,08
50865;2024-11-06;35;20915;168242,72
50866;2024-11-06;49;20920;65966,81
50867;2024-11-07;60;20264;114057,96
50868;2024-11-07;39;20579;20196,61
50869;2024-11-07;61;20603;3888,77
50870;2024-11-07;48;20626;27950,64
50871;2024-11-07;29;20787;6638,1
50872;2024-11-07;1;20880;10621,15
50873;2024-11-07;37;20896;41910,29
50874;2024-11-07;21;20903;28463,53
50875;2024-11-07;80;20906;230785,71
50876;2024-11-07;6;20917;386064,24
50877;2024-11-07;72;20933;44573,57
50878;2024-11-07;49;20937;67195,03
50879;2024-11-07;78;21075;56919,15
50880;2024-11-07;14;21171;55445,95
50881;2024-11-08;53;20001;16225,98
50882;2024-11-08;74;20366;335822,7
50883;2024-11-08;61;20687;81247,79
50884;2024-11-08;7;20723;697630,97
50885;2024-11-08;51;20812;10411,78
50886;2024-11-08;46;20884;143226,95
50887;2024-11-08;17;20963;324101,15
50888;2024-11-08;80;20968;271529,42
50889;2024-11-08;75;21077;166687,31
50890;2024-11-08;14;21190;41840,05
50891;2024-11-09;60;20032;48060,41
50892;2024-11-09;15;20616;102835,21
50893;2024-11-09;36;20694;143327,34
50894;2024-11-09;35;20961;366963,95
50895;2024-11-09;78;20985;81548,35
50896;2024-11-09;28;21248;57557,18
50897;2024-11-10;11;20123;2176,56
50898;2024-11-10;45;20577;66241,33
50899;2024-11-10;56;20663;2213,21
50900;2024-11-10;68;20817;26976,95
50901;2024-11-10;49;20913;54395,05
50902;2024-11-10;3;20979;17820,77
50903;2024-11-10;71;21224;32194,52
50904;2024-11-11;24;20659;21556,71
50905;2024-11-11;50;20924;84187,21
50906;2024-11-11;73;20981;417568,78
50907;2024-11-11;33;21220;14825,08
50908;2024-11-12;59;20662;47290,76
50909;2024-11-12;67;20815;239521,73
50910;2024-11-12;8;20865;133771,82
50911;2024-11-12;70;20886;39265,83
50912;2024-11-12;8;20900;91358,64
50913;2024-11-12;68;20916;21411,14
50914;2024-11-12;70;20988;25093,85
50915;2024-11-12;1;21005;32096,95
50916;2024-11-12;32;21030;127986,04
50917;2024-11-12;32;21108;118966,72
50918;2024-11-12;5;21187;471,78
50919;2024-11-12;71;21218;20352,61
50920;2024-11-12;5;21256;21753,94
50921;2024-11-13;13;20503;31955,92
50922;2024-11-13;6;20833;76550,17
50923;2024-11-13;17;20997;227821,74
50924;2024-11-13;3;21002;23935,46
50925;2024-11-13;5;21219;23893,26
50926;2024-11-13;33;21272;21995,73
50927;2024-11-13;14;21307;9799,51
50928;2024-11-13;28;21319;50241,97
50929;2024-11-14;60;20058;105317,95
50930;2024-11-14;53;20243;9713,07
50931;2024-11-14;13;20652;25370,94
50932;2024-11-14;13;20770;50038,6
50933;2024-11-14;64;20831;15043,92
50934;2024-11-14;19;20938;121437,61
50935;2024-11-14;2;20939;124622,1
50936;2024-11-14;46;20944;172530,65
50937;2024-11-14;66;20948;52831,65
50938;2024-11-14;63;20955;20238,38
50939;2024-11-14;77;21102;36234,53
50940;2024-11-14;42;21163;96800,5
50941;2024-11-14;78;21182;58766,0
50942;2024-11-14;47;21288;131692,62
50943;2024-11-15;39;20684;26308,95
50944;2024-11-15;48;20690;26328,2
50945;2024-11-15;20;20722;30184,1
50946;2024-11-15;37;20744;29611,19
50947;2024-11-15;68;20785;37906,14
50948;2024-11-15;68;20851;118964,7
50949;2024-11-15;9;20914;9657,76
50950;2024-11-15;8;20921;72002,03
50951;2024-11-15;42;21088;116372,76
50952;2024-11-15;14;21286;63966,83
50953;2024-11-16;39;20579;25275,79
50954;2024-11-16;11;20580;2065,66
50955;2024-11-16;68;20784;36092,5
50956;2024-11-16;30;20946;83057,85
50957;2024-11-16;25;20960;29497,71
50958;2024-11-16;6;20962;197394,07
50959;2024-11-16;46;20974;303247,94
50960;2024-11-16;73;20980;302610,29
50961;2024-11-16;10;21032;122270,94
50962;2024-11-16;71;21276;17625,17
50963;2024-11-17;29;20881;29268,19
50964;2024-11-17;70;20965;63657,73
50965;2024-11-17;9;20973;16759,34
50966;2024-11-17;3;20979;21069,24
50967;2024-11-17;72;21004;20684,35
50968;2024-11-17;50;21010;54357,08
50969;2024-11-17;57;21031;332013,02
50970;2024-11-17;14;21282;48456,42
50971;2024-11-18;20;20729;119065,87
50972;2024-11-18;29;20787;3085,5
50973;2024-11-18;2;20804;176786,39
50974;2024-11-18;7;20823;772448,8
50975;2024-11-18;70;20849;5625,89
50976;2024-11-18;29;20908;58992,28
50977;2024-11-18;64;20912;29266,72
50978;2024-11-18;35;20915;111179,24
50979;2024-11-18;61;20969;66950,82
50980;2024-11-18;63;21050;7297,01
50981;2024-11-18;19;21056;3435,39
50982;2024-11-18;75;21146;48391,82
50983;2024-11-19;10;20999;33079,18
50984;2024-11-19;38;21021;138573,0
50985;2024-11-19;2;21026;287792,24
50986;2024-11-19;78;21096;77611,04
50987;2024-11-19;9;21103;4556,55
50988;2024-11-19;28;21248;41518,97
50989;2024-11-19;28;21364;72080,92
50990;2024-11-19;33;21373;68326,05
50991;2024-11-20;53;20067;95408,36
50992;2024-11-20;20;20695;121802,78
50993;2024-11-20;20;20769;99896,63
50994;2024-11-20;24;20835;23420,05
50995;2024-11-20;52;20890;110047,68
50996;2024-11-20;13;20935;10109,26
50997;2024-11-20;29;20996;49701,87
50998;2024-11-20;23;21003;633051,33
50999;2024-11-20;25;21013;54991,02
51000;2024-11-20;58;21014;242580,1
51001;2024-11-20;23;21016;578017,21
51002;2024-11-20;3;21037;54221,67
51003;2024-11-20;12;21048;26946,32
51004;2024-11-20;71;21366;13169,84
51005;2024-11-21;16;20874;392790,24
51006;2024-11-21;52;20902;93241,99
51007;2024-11-21;2;20939;180475,15
51008;2024-11-21;43;21011;16074,64
51009;2024-11-21;49;21020;67725,5
51010;2024-11-21;10;21051;49329,86
51011;2024-11-21;79;21069;46217,1
51012;2024-11-21;32;21204;87857,99
51013;2024-11-21;33;21330;23750,71
51014;2024-11-22;13;20721;7477,78
51015;2024-11-22;59;20756;36666,43
51016;2024-11-22;59;20777;55918,74
51017;2024-11-22;30;20830;50778,75
51018;2024-11-22;46;21049;205479,24
51019;2024-11-22;22;21076;9114,36
51020;2024-11-22;63;21082;5871,19
51021;2024-11-22;73;21093;423058,24
51022;2024-11-22;69;21127;14570,65
51023;2024-11-23;45;20135;70909,24
51024;2024-11-23;48;20783;19977,46
51025;2024-11-23;35;21054;150746,15
51026;2024-11-23;63;21084;20565,11
51027;2024-11-23;9;21087;21193,47
51028;2024-11-23;77;21196;7537,76
51029;2024-11-23;69;21322;25770,82
51030;2024-11-24;55;20248;12379,33
51031;2024-11-24;45;20577;67502,87
51032;2024-11-24;20;20722;15097,84
51033;2024-11-24;39;20792;13169,44
51034;2024-11-24;16;20895;406840,51
51035;2024-11-24;1;21015;8133,33
51036;2024-11-24;65;21167;36995,91
51037;2024-11-24;27;21214;8640,68
51038;2024-11-25;60;20058;114404,27
51039;2024-11-25;9;20995;57484,25
51040;2024-11-25;43;21043;22800,88
51041;2024-11-25;56;21070;26786,76
51042;2024-11-25;50;21097;40667,31
51043;2024-11-25;27;21227;26588,5
51044;2024-11-25;27;21244;17492,2
51045;2024-11-25;77;21255;18230,06
51046;2024-11-25;47;21438;127272,01
51047;2024-11-26;39;20776;69842,15
51048;2024-11-26;51;20910;47656,84
51049;2024-11-26;16;21027;376104,76
51050;2024-11-26;7;21052;647305,61
51051;2024-11-26;31;21079;521005,74
51052;2024-11-26;22;21107;14796,43
51053;2024-11-26;69;21251;56705,81
51054;2024-11-26;47;21418;57562,96
51055;2024-11-26;28;21424;154655,11
51056;2024-11-26;33;21436;80257,98
51057;2024-11-27;15;20811;79320,93
51058;2024-11-27;44;20932;616186,35
51059;2024-11-27;8;20954;187486,14
51060;2024-11-27;40;21006;700755,0
51061;2024-11-27;3;21058;24246,75
51062;2024-11-27;79;21085;28494,29
51063;2024-11-27;80;21122;464527,52
51064;2024-11-27;76;21131;64804,53
51065;2024-11-27;70;21173;30336,03
51066;2024-11-27;69;21240;53562,82
51067;2024-11-27;75;21242;82188,44
51068;2024-11-28;60;20357;38533,29
51069;2024-11-28;20;20847;75164,37
51070;2024-11-28;4;20952;88114,74
51071;2024-11-28;63;20955;10268,76
51072;2024-11-28;58;21098;133949,97
51073;2024-11-28;57;21106;184992,05
51074;2024-11-28;79;21125;7873,36
51075;2024-11-28;32;21263;42651,23
51076;2024-11-28;77;21312;26232,92
51077;2024-11-29;59;20860;83196,61
51078;2024-11-29;52;20940;88804,84
51079;2024-11-29;24;21053;1415,22
51080;2024-11-29;29;21060;87838,94
51081;2024-11-29;38;21166;101318,14
51082;2024-11-29;32;21239;110165,3
51083;2024-11-29;32;21384;149446,0
51084;2024-11-30;35;20868;83102,75
51085;2024-11-30;64;20912;17685,68
51086;2024-11-30;68;20983;31108,21
51087;2024-11-30;24;21008;43849,45
51088;2024-11-30;24;21018;47166,82
51089;2024-11-30;21;21099;45761,88
51090;2024-11-30;19;21105;53279,7
51091;2024-11-30;3;21132;34865,08
51092;2024-12-01;48;20783;9426,22
51093;2024-12-01;70;20886;33180,12
51094;2024-12-01;46;20944;147245,41
51095;2024-12-01;44;20994;704107,62
51096;2024-12-01;68;21012;69717,34
51097;2024-12-01;52;21059;51749,38
51098;2024-12-01;19;21118;34070,14
51099;2024-12-01;19;21137;39956,86
51100;2024-12-01;58;21144;274644,97
51101;2024-12-01;12;21148;4118,34
51102;2024-12-01;75;21342;89881,07
51103;2024-12-01;78;21417;30633,52
51104;2024-12-02;13;20503;33235,95
51105;2024-12-02;54;20718;28731,87
51106;2024-12-02;30;21000;9706,56
51107;2024-12-02;66;21130;26080,84
51108;2024-12-02;63;21133;34885,65
51109;2024-12-02;1;21162;17679,05
51110;2024-12-02;66;21177;55135,37
51111;2024-12-02;75;21320;228627,29
51112;2024-12-02;32;21398;72165,27
51113;2024-12-02;71;21512;42231,34
51114;2024-12-02;33;21516;37116,48
51115;2024-12-03;26;20409;14739,39
51116;2024-12-03;36;20747;41898,64
51117;2024-12-03;8;20900;61760,54
51118;2024-12-03;3;21110;61304,06
51119;2024-12-03;43;21134;20515,66
51120;2024-12-03;80;21159;337827,76
51121;2024-12-03;72;21184;36972,81
51122;2024-12-03;70;21279;39962,19
51123;2024-12-03;47;21418;75696,58
51124;2024-12-03;33;21448;111245,39
51125;2024-12-03;47;21471;25951,06
51126;2024-12-03;33;21543;65798,53
51127;2024-12-04;26;20570;25956,02
51128;2024-12-04;54;20826;17081,64
51129;2024-12-04;16;20956;399175,1
51130;2024-12-04;65;21092;58516,32
51131;2024-12-04;79;21192;36143,45
51132;2024-12-04;35;21207;438788,74
51133;2024-12-04;1;21257;38279,62
51134;2024-12-04;42;21324;4866,65
51135;2024-12-04;75;21337;165646,52
51136;2024-12-04;32;21442;39089,22
51137;2024-12-04;33;21470;39854,43
51138;2024-12-04;14;21532;7365,82
51139;2024-12-04;47;21564;133871,14
51140;2024-12-05;60;20280;129970,62
51141;2024-12-05;46;20884;95659,02
51142;2024-12-05;45;20958;157967,24
51143;2024-12-05;51;21064;4836,96
51144;2024-12-05;19;21135;124859,57
51145;2024-12-05;38;21136;148234,46
51146;2024-12-05;63;21179;13567,59
51147;2024-12-05;1;21194;30144,57
51148;2024-12-05;46;21195;80802,74
51149;2024-12-05;10;21205;53170,21
51150;2024-12-05;46;21206;188311,94
51151;2024-12-05;46;21209;372440,82
51152;2024-12-05;14;21307;6326,62
51153;2024-12-05;27;21321;31148,12
51154;2024-12-05;75;21336;86003,12
51155;2024-12-05;41;21338;23381,85
51156;2024-12-05;69;21365;21683,86
51157;2024-12-06;45;20351;105988,91
51158;2024-12-06;53;20556;71794,48
51159;2024-12-06;39;20894;51345,78
51160;2024-12-06;39;20909;14709,94
51161;2024-12-06;70;20988;26582,07
51162;2024-12-06;44;21007;427712,06
51163;2024-12-06;44;21094;395609,42
51164;2024-12-06;10;21155;40513,79
51165;2024-12-06;12;21178;12175,94
51166;2024-12-06;65;21197;34983,52
51167;2024-12-06;79;21202;40213,93
51168;2024-12-06;66;21238;50793,71
51169;2024-12-06;5;21492;57981,12
51170;2024-12-06;28;21527;42995,58
51171;2024-12-07;59;20866;34797,13
51172;2024-12-07;68;20916;28849,09
51173;2024-12-07;64;20976;42467,53
51174;2024-12-07;29;21147;28675,82
51175;2024-12-07;44;21157;891897,41
51176;2024-12-07;6;21168;265778,26
51177;2024-12-07;12;21221;42162,18
51178;2024-12-07;27;21390;32512,67
51179;2024-12-07;75;21421;153085,6
51180;2024-12-07;28;21505;143240,6
51181;2024-12-08;11;20840;19303,62
51182;2024-12-08;10;20999;45126,38
51183;2024-12-08;16;21028;833792,55
51184;2024-12-08;24;21038;18495,29
51185;2024-12-08;3;21058;26517,21
51186;2024-12-08;44;21149;366519,01
51187;2024-12-08;17;21169;152236,28
51188;2024-12-08;10;21188;51347,47
51189;2024-12-08;31;21231;154131,12
51190;2024-12-08;69;21311;42755,83
51191;2024-12-08;33;21330;16497,11
51192;2024-12-08;47;21514;332058,29
51193;2024-12-08;71;21582;16071,03
51194;2024-12-08;5;21604;5916,88
51195;2024-12-09;53;20708;34896,88
51196;2024-12-09;18;20816;41546,38
51197;2024-12-09;18;20828;83732,11
51198;2024-12-09;7;21017;385660,07
51199;2024-12-09;67;21024;298459,79
51200;2024-12-09;12;21148;2430,61
51201;2024-12-09;43;21170;2248,24
51202;2024-12-09;50;21216;63849,52
51203;2024-12-09;25;21223;50516,04
51204;2024-12-09;75;21360;19109,88
51205;2024-12-09;33;21633;39117,3
51206;2024-12-10;74;20594;315130,8
51207;2024-12-10;68;21055;46070,71
51208;2024-12-10;51;21160;57453,5
51209;2024-12-10;73;21183;611238,21
51210;2024-12-10;35;21208;254652,43
51211;2024-12-10;79;21261;8585,84
51212;2024-12-11;45;20713;37120,45
51213;2024-12-11;68;21065;28042,56
51214;2024-12-11;70;21153;33175,84
51215;2024-12-11;8;21154;135587,61
51216;2024-12-11;58;21215;122099,22
51217;2024-12-11;35;21246;224674,13
51218;2024-12-11;66;21289;55172,43
51219;2024-12-11;47;21586;81793,39
51220;2024-12-11;71;21589;22460,91
51221;2024-12-11;47;21617;107918,46
51222;2024-12-12;13;20652;13282,14
51223;2024-12-12;39;20930;3054,46
51224;2024-12-12;30;21047;47168,11
51225;2024-12-12;64;21080;8341,15
51226;2024-12-12;77;21196;4936,2
51227;2024-12-12;12;21217;27166,58
51228;2024-12-12;12;21222;12199,98
51229;2024-12-12;32;21263;43575,85
51230;2024-12-12;2;21270;333083,06
51231;2024-12-12;50;21300;48938,49
51232;2024-12-12;75;21395;150959,47
51233;2024-12-12;78;21434;89940,22
51234;2024-12-12;78;21435;75828,86
51235;2024-12-12;41;21485;8584,47
51236;2024-12-12;14;21562;48955,15
51237;2024-12-12;71;21648;28888,22
51238;2024-12-13;48;20931;20455,3
51239;2024-12-13;26;21045;110557,83
51240;2024-12-13;52;21067;91067,92
51241;2024-12-13;16;21104;228282,28
51242;2024-12-13;51;21193;11610,8
51243;2024-12-13;35;21232;395151,01
51244;2024-12-13;70;21277;49425,91
51245;2024-12-13;27;21458;10508,87
51246;2024-12-13;71;21578;15051,96
51247;2024-12-13;47;21579;50580,35
51248;2024-12-14;11;20407;21232,99
51249;2024-12-14;54;21041;38532,59
51250;2024-12-14;22;21076;12809,4
51251;2024-12-14;42;21088;57474,39
51252;2024-12-14;51;21111;43326,5
51253;2024-12-14;7;21117;437559,08
51254;2024-12-14;7;21175;301367,39
51255;2024-12-14;8;21176;56846,08
51256;2024-12-14;30;21212;54969,72
51257;2024-12-14;72;21243;57877,83
51258;2024-12-15;18;20789;153821,61
51259;2024-12-15;15;20951;182449,88
51260;2024-12-15;15;21019;96330,76
51261;2024-12-15;62;21029;36292,52
51262;2024-12-15;56;21070;19124,57
51263;2024-12-15;51;21126;28552,23
51264;2024-12-15;10;21155;25975,6
51265;2024-12-15;8;21158;85662,57
51266;2024-12-15;63;21179;7012,1
51267;2024-12-15;68;21201;34143,73
51268;2024-12-15;76;21245;30700,32
51269;2024-12-15;49;21267;17947,04
51270;2024-12-15;31;21269;759609,89
51271;2024-12-15;72;21271;54111,22
51272;2024-12-15;10;21273;16781,04
51273;2024-12-15;17;21296;492708,92
51274;2024-12-15;58;21316;211421,0
51275;2024-12-15;33;21593;57149,76
51276;2024-12-15;71;21656;7292,97
51277;2024-12-16;59;20966;85756,36
51278;2024-12-16;20;21033;93514,61
51279;2024-12-16;22;21259;35570,92
51280;2024-12-16;79;21262;6532,53
51281;2024-12-16;2;21323;333071,92
51282;2024-12-16;41;21489;20630,38
51283;2024-12-16;5;21612;38434,09
51284;2024-12-16;71;21625;53591,94
51285;2024-12-17;20;20992;179490,12
51286;2024-12-17;20;20993;103182,28
51287;2024-12-17;51;21152;33450,3
51288;2024-12-17;7;21191;368907,75
51289;2024-12-17;12;21264;2106,93
51290;2024-12-17;80;21281;496000,06
51291;2024-12-17;50;21298;62396,85
51292;2024-12-17;35;21325;346703,72
51293;2024-12-17;41;21457;4802,28
51294;2024-12-17;69;21499;64681,97
51295;2024-12-17;78;21550;25753,95
51296;2024-12-18;60;20428;166808,48
51297;2024-12-18;18;20862;70531,13
51298;2024-12-18;34;21039;76017,02
51299;2024-12-18;39;21044;27494,46
51300;2024-12-18;44;21089;269018,51
51301;2024-12-18;70;21253;61375,11
51302;2024-12-18;51;21278;51832,37
51303;2024-12-18;56;21292;17654,47
51304;2024-12-18;19;21313;43130,0
51305;2024-12-18;66;21314;134460,47
51306;2024-12-18;76;21379;29263,19
51307;2024-12-18;69;21419;67776,82
51308;2024-12-18;14;21747;39772,64
51309;2024-12-19;36;20821;166935,59
51310;2024-12-19;3;21132;21303,63
51311;2024-12-19;19;21137;26762,35
51312;2024-12-19;4;21185;99775,58
51313;2024-12-19;1;21258;57057,03
51314;2024-12-19;37;21275;62986,78
51315;2024-12-19;43;21328;22092,26
51316;2024-12-19;5;21748;90672,84
51317;2024-12-20;74;20795;207008,65
51318;2024-12-20;39;21009;42570,53
51319;2024-12-20;30;21112;80316,56
51320;2024-12-20;34;21116;42228,09
51321;2024-12-20;36;21211;12194,6
51322;2024-12-20;17;21309;264335,74
51323;2024-12-20;46;21351;382608,28
51324;2024-12-20;2;21368;234856,29
51325;2024-12-20;23;21370;669869,71
51326;2024-12-20;2;21386;206450,62
51327;2024-12-20;35;21387;276693,24
51328;2024-12-20;58;21389;216154,84
51329;2024-12-20;56;21391;41920,47
51330;2024-12-20;80;21399;163950,32
51331;2024-12-20;41;21477;52308,52
51332;2024-12-20;28;21666;66123,19
51333;2024-12-21;11;20506;22813,65
51334;2024-12-21;34;20907;124767,66
51335;2024-12-21;36;21022;79224,75
51336;2024-12-21;57;21106;186643,11
51337;2024-12-21;52;21250;171666,92
51338;2024-12-21;43;21317;14171,6
51339;2024-12-21;23;21380;258932,66
51340;2024-12-21;49;21401;12692,16
51341;2024-12-21;76;21405;62896,43
51342;2024-12-21;23;21410;845735,84
51343;2024-12-21;41;21508;21961,6
51344;2024-12-21;69;21525;1979,67
51345;2024-12-21;77;21565;20043,88
51346;2024-12-21;47;21688;152396,45
51347;2024-12-22;53;20218;64220,42
51348;2024-12-22;55;20632;17147,68
51349;2024-12-22;15;21078;202616,78
51350;2024-12-22;37;21283;100106,82
51351;2024-12-22;19;21339;76035,71
51352;2024-12-22;2;21363;354382,0
51353;2024-12-22;6;21416;213209,87
51354;2024-12-22;73;21423;396787,79
51355;2024-12-22;78;21597;23124,64
51356;2024-12-23;26;20409;7359,91
51357;2024-12-23;74;20841;316000,74
51358;2024-12-23;34;20975;11711,89
51359;2024-12-23;68;20983;17367,99
51360;2024-12-23;29;21156;32002,1
51361;2024-12-23;68;21203;72603,46
51362;2024-12-23;24;21302;99619,29
51363;2024-12-23;49;21326;19446,17
51364;2024-12-23;3;21333;97831,6
51365;2024-12-23;66;21349;12533,84
51366;2024-12-23;63;21354;23192,53
51367;2024-12-23;79;21359;42374,34
51368;2024-12-23;56;21371;41234,62
51369;2024-12-23;19;21374;77693,25
51370;2024-12-23;65;21478;55682,62
51371;2024-12-23;41;21500;44553,18
51372;2024-12-23;27;21504;5973,16
51373;2024-12-23;33;21516;29151,59
51374;2024-12-23;32;21671;39697,76
51375;2024-12-24;53;20274;26221,75
51376;2024-12-24;61;21180;26556,13
51377;2024-12-24;24;21200;6509,79
51378;2024-12-24;37;21287;41420,91
51379;2024-12-24;65;21332;79048,35
51380;2024-12-24;35;21346;270868,61
51381;2024-12-24;57;21350;270788,21
51382;2024-12-24;69;21365;13064,96
51383;2024-12-24;49;21385;41069,47
51384;2024-12-24;72;21396;19689,59
51385;2024-12-24;57;21400;378057,17
51386;2024-12-24;31;21404;380904,23
51387;2024-12-24;65;21406;129528,37
51388;2024-12-24;79;21446;18560,71
51389;2024-12-24;33;21593;33708,83
51390;2024-12-24;42;21630;72930,93
51391;2024-12-24;32;21689;96459,87
51392;2024-12-24;47;21731;75676,62
51393;2024-12-25;54;20826;14975,96
51394;2024-12-25;18;20891;13746,1
51395;2024-12-25;20;21066;23152,14
51396;2024-12-25;30;21142;52691,2
51397;2024-12-25;61;21247;41462,74
51398;2024-12-25;17;21447;197271,25
51399;2024-12-25;69;21713;24049,97
51400;2024-12-25;33;21788;34429,78
51401;2024-12-25;5;21804;14658,53
51402;2024-12-26;55;20313;28813,41
51403;2024-12-26;74;20842;300996,29
51404;2024-12-26;1;21162;17640,6
51405;2024-12-26;46;21195;111505,16
51406;2024-12-26;52;21233;153490,34
51407;2024-12-26;16;21318;536321,96
51408;2024-12-26;73;21378;522496,68
51409;2024-12-26;1;21408;1243,38
51410;2024-12-26;46;21425;225004,21
51411;2024-12-26;58;21440;196171,84
51412;2024-12-26;35;21445;258377,75
51413;2024-12-26;56;21467;21613,54
51414;2024-12-26;75;21654;154298,36
51415;2024-12-27;11;20750;26083,62
51416;2024-12-27;18;20989;102132,9
51417;2024-12-27;59;21068;26853,87
51418;2024-12-27;59;21086;26753,32
51419;2024-12-27;68;21290;17453,08
51420;2024-12-27;76;21383;51740,67
51421;2024-12-27;80;21399;113879,94
51422;2024-12-27;63;21411;31667,25
51423;2024-12-27;73;21420;571044,4
51424;2024-12-27;35;21431;234445,67
51425;2024-12-27;31;21449;67787,32
51426;2024-12-27;1;21459;15656,82
51427;2024-12-27;22;21462;70833,85
51428;2024-12-27;79;21466;51257,45
51429;2024-12-27;43;21472;16512,06
51430;2024-12-27;50;21480;45112,28
51431;2024-12-27;78;21513;22170,77
51432;2024-12-27;78;21535;103194,83
51433;2024-12-27;75;21554;157498,86
51434;2024-12-28;60;20332;193082,35
51435;2024-12-28;13;21025;30179,69
51436;2024-12-28;48;21081;10881,43
51437;2024-12-28;36;21139;48678,71
51438;2024-12-28;26;21161;12780,51
51439;2024-12-28;51;21301;36008,84
51440;2024-12-28;1;21329;22887,44
51441;2024-12-28;49;21437;14290,67
51442;2024-12-28;22;21439;93323,31
51443;2024-12-28;6;21441;259730,97
51444;2024-12-28;33;21769;28713,65
51445;2024-12-29;24;21038;24889,07
51446;2024-12-29;39;21124;71993,71
51447;2024-12-29;8;21235;116572,08
51448;2024-12-29;3;21414;92170,4
51449;2024-12-29;6;21422;332522,01
51450;2024-12-29;49;21453;45692,97
51451;2024-12-29;63;21482;17759,62
51452;2024-12-29;33;21847;41347,9
51453;2024-12-30;74;20982;414248,0
51454;2024-12-30;20;21140;144841,31
51455;2024-12-30;59;21143;47059,53
51456;2024-12-30;20;21150;113575,58
51457;2024-12-30;51;21226;16144,65
51458;2024-12-30;64;21280;88710,4
51459;2024-12-30;66;21289;60789,9
51460;2024-12-30;68;21297;46872,26
51461;2024-12-30;22;21432;53009,13
51462;2024-12-30;38;21461;185575,87
51463;2024-12-30;47;21471;30467,39
51464;2024-12-30;21;21490;50768,57
51465;2024-12-30;2;21493;304820,98
51466;2024-12-30;75;21607;117366,14
51467;2024-12-30;42;21624;67557,9
51468;2024-12-31;55;20381;29719,19
51469;2024-12-31;54;20649;92192,14
51470;2024-12-31;34;21116;54465,73
51471;2024-12-31;20;21128;84494,49
51472;2024-12-31;59;21164;46532,09
51473;2024-12-31;16;21274;387722,72
51474;2024-12-31;49;21326;14749,6
51475;2024-12-31;8;21382;20415,24
51476;2024-12-31;78;21417;21850,52
51477;2024-12-31;65;21450;31991,8
51478;2024-12-31;50;21460;118731,25
51479;2024-12-31;21;21488;64506,01
51480;2024-12-31;2;21497;173366,51
51481;2024-12-31;72;21518;43335,15
51482;2024-12-31;9;21526;16646,17
51483;2025-01-01;53;20708;17426,0
51484;2025-01-01;34;21072;31110,77
51485;2025-01-01;20;21129;25404,56
51486;2025-01-01;25;21465;16090,8
51487;2025-01-01;6;21536;123021,98
51488;2025-01-01;47;21825;115738,45
51489;2025-01-01;47;21875;83506,3
51490;2025-01-02;60;20656;62456,88
51491;2025-01-02;18;20950;107248,81
51492;2025-01-02;39;21044;22256,46
51493;2025-01-02;16;21361;588547,19
51494;2025-01-02;24;21454;50052,35
51495;2025-01-02;29;21456;32426,76
51496;2025-01-02;43;21464;22993,11
51497;2025-01-02;38;21491;45453,34
51498;2025-01-02;73;21545;446894,9
51499;2025-01-02;66;21549;21702,81
51500;2025-01-02;78;21764;151374,2
51501;2025-01-02;71;21878;25170,59
51502;2025-01-03;34;21023;16023,33
51503;2025-01-03;59;21123;52005,21
51504;2025-01-03;20;21198;67663,09
51505;2025-01-03;30;21266;77047,0
51506;2025-01-03;61;21305;39383,25
51507;2025-01-03;13;21331;85757,14
51508;2025-01-03;68;21348;107203,48
51509;2025-01-03;44;21394;364725,28
51510;2025-01-03;44;21407;593528,47
51511;2025-01-03;37;21428;84318,28
51512;2025-01-03;56;21467;25706,08
51513;2025-01-03;50;21480;25175,18
51514;2025-01-03;72;21496;14461,79
51515;2025-01-03;56;21503;52230,04
51516;2025-01-03;38;21517;135674,95
51517;2025-01-03;3;21522;68001,55
51518;2025-01-03;14;21532;3351,25
51519;2025-01-03;50;21572;18378,51
51520;2025-01-04;11;20628;5805,47
51521;2025-01-04;11;20923;81915,19
51522;2025-01-04;20;21186;41940,29
51523;2025-01-04;52;21308;113963,85
51524;2025-01-04;8;21474;168544,8
51525;2025-01-04;37;21479;70368,45
51526;2025-01-04;66;21484;59158,19
51527;2025-01-04;72;21520;66082,02
51528;2025-01-04;17;21539;300208,41
51529;2025-01-04;23;21557;553885,08
51530;2025-01-04;73;21571;440974,64
51531;2025-01-04;75;21734;137944,45
51532;2025-01-04;78;21751;38481,66
51533;2025-01-04;33;21850;50377,04
51534;2025-01-05;11;21061;8545,0
51535;2025-01-05;8;21468;157471,35
51536;2025-01-05;46;21498;224939,74
51537;2025-01-05;66;21531;64188,06
51538;2025-01-05;35;21548;126310,22
51539;2025-01-05;71;21656;5048,0
51540;2025-01-05;27;21730;10287,16
51541;2025-01-05;41;21737;10784,28
51542;2025-01-05;27;21759;10545,35
51543;2025-01-05;41;21780;39015,9
51544;2025-01-06;54;21041;53678,98
51545;2025-01-06;52;21067;54262,72
51546;2025-01-06;15;21174;125759,33
51547;2025-01-06;67;21415;228458,22
51548;2025-01-06;3;21486;52568,27
51549;2025-01-06;79;21521;9154,38
51550;2025-01-06;76;21540;72429,33
51551;2025-01-06;43;21544;49750,56
51552;2025-01-06;21;21584;39627,9
51553;2025-01-06;78;21597;32914,38
51554;2025-01-06;69;21631;22728,2
51555;2025-01-06;36;21675;193752,04
51556;2025-01-06;70;21680;55500,67
51557;2025-01-06;27;21699;6147,56
51558;2025-01-06;69;21706;56511,67
51559;2025-01-06;78;21790;96462,59
51560;2025-01-06;47;21930;39148,69
51561;2025-01-07;59;21254;26048,67
51562;2025-01-07;24;21284;19385,39
51563;2025-01-07;30;21427;57721,74
51564;2025-01-07;49;21507;15728,04
51565;2025-01-07;80;21510;580114,94
51566;2025-01-07;21;21523;62587,66
51567;2025-01-07;38;21602;166832,18
51568;2025-01-07;19;21614;48996,86
51569;2025-01-07;69;21714;75540,01
51570;2025-01-07;27;21718;16325,15
51571;2025-01-07;32;21775;61894,52
51572;2025-01-07;78;21789;53475,13
51573;2025-01-08;54;21236;81520,39
51574;2025-01-08;24;21291;46771,74
51575;2025-01-08;52;21295;162899,72
51576;2025-01-08;13;21369;94156,94
51577;2025-01-08;40;21444;506839,49
51578;2025-01-08;17;21559;562094,27
51579;2025-01-08;65;21560;40826,63
51580;2025-01-08;10;21570;39039,62
51581;2025-01-08;19;21580;55954,94
51582;2025-01-08;31;21616;322575,88
51583;2025-01-08;78;21869;22743,3
51584;2025-01-08;14;21903;96503,79
51585;2025-01-08;28;21967;82578,33
51586;2025-01-09;55;20647;24897,7
51587;2025-01-09;74;20964;337927,23
51588;2025-01-09;20;21249;105059,55
51589;2025-01-09;69;21525;1922,48
51590;2025-01-09;21;21533;19967,52
51591;2025-01-09;72;21561;36733,51
51592;2025-01-09;38;21590;165647,88
51593;2025-01-09;10;21605;29373,22
51594;2025-01-09;1;21639;13387,56
51595;2025-01-09;43;21644;47690,32
51596;2025-01-09;32;21728;84536,89
51597;2025-01-09;41;21842;3826,68
51598;2025-01-10;70;21153;34185,81
51599;2025-01-10;23;21380;166000,37
51600;2025-01-10;40;21393;697346,13
51601;2025-01-10;7;21430;806527,58
51602;2025-01-10;51;21519;10975,65
51603;2025-01-10;9;21524;5710,26
51604;2025-01-10;1;21534;7478,86
51605;2025-01-10;12;21541;9525,22
51606;2025-01-10;66;21566;38560,72
51607;2025-01-10;63;21577;6293,55
51608;2025-01-10;57;21581;778385,13
51609;2025-01-10;23;21603;546137,62
51610;2025-01-10;46;21634;206466,23
51611;2025-01-10;43;21661;15638,31
51612;2025-01-10;69;21665;9135,9
51613;2025-01-10;32;21689;54681,53
51614;2025-01-10;78;21867;7296,6
51615;2025-01-11;54;21091;23073,92
51616;2025-01-11;48;21225;6402,84
51617;2025-01-11;51;21226;21590,93
51618;2025-01-11;51;21356;40881,31
51619;2025-01-11;72;21396;17391,9
51620;2025-01-11;7;21397;293064,06
51621;2025-01-11;76;21574;50520,29
51622;2025-01-11;38;21596;193088,57
51623;2025-01-11;46;21618;301678,24
51624;2025-01-11;22;21652;3465,12
51625;2025-01-11;43;21658;51897,68
51626;2025-01-11;43;21659;16194,05
51627;2025-01-11;65;21711;1417,28
51628;2025-01-12;55;20529;34261,5
51629;2025-01-12;11;20854;9633,44
51630;2025-01-12;43;21317;13371,37
51631;2025-01-12;30;21392;41756,88
51632;2025-01-12;7;21476;209756,26
51633;2025-01-12;8;21563;31360,84
51634;2025-01-12;1;21583;38602,96
51635;2025-01-12;46;21585;354776,75
51636;2025-01-12;65;21595;100033,04
51637;2025-01-12;56;21606;74460,59
51638;2025-01-12;70;21673;128549,11
51639;2025-01-12;32;21755;78768,85
51640;2025-01-12;5;21804;11770,04
51641;2025-01-12;5;21943;37292,71
51642;2025-01-13;16;21343;446653,15
51643;2025-01-13;4;21469;71326,99
51644;2025-01-13;34;21546;90171,9
51645;2025-01-13;21;21576;10353,5
51646;2025-01-13;40;21587;738412,29
51647;2025-01-13;79;21591;26638,26
51648;2025-01-13;56;21594;17746,81
51649;2025-01-13;38;21697;89318,59
51650;2025-01-13;75;21785;56720,61
51651;2025-01-14;4;21185;82658,47
51652;2025-01-14;18;21228;139055,29
51653;2025-01-14;76;21245;15712,92
51654;2025-01-14;48;21252;25707,53
51655;2025-01-14;44;21567;412498,37
51656;2025-01-14;24;21575;77829,79
51657;2025-01-14;25;21599;65046,54
51658;2025-01-14;79;21619;18447,48
51659;2025-01-14;23;21647;544947,46
51660;2025-01-14;66;21700;43295,7
51661;2025-01-14;25;21702;82882,71
51662;2025-01-14;5;22029;11302,34
51663;2025-01-15;74;20794;400097,21
51664;2025-01-15;64;21556;17876,72
51665;2025-01-15;57;21610;178269,89
51666;2025-01-15;58;21632;260776,91
51667;2025-01-15;22;21667;10562,54
51668;2025-01-15;23;21676;690137,85
51669;2025-01-15;17;21701;118030,15
51670;2025-01-15;69;21756;28708,38
51671;2025-01-15;5;21996;105038,09
51672;2025-01-16;11;21120;27314,21
51673;2025-01-16;64;21426;42126,56
51674;2025-01-16;64;21443;21036,03
51675;2025-01-16;4;21473;137650,17
51676;2025-01-16;44;21483;414235,15
51677;2025-01-16;35;21548;135024,59
51678;2025-01-16;29;21553;77614,22
51679;2025-01-16;67;21558;169509,97
51680;2025-01-16;24;21588;68290,54
51681;2025-01-16;43;21622;48998,55
51682;2025-01-16;79;21642;34667,87
51683;2025-01-16;69;21806;80284,49
51684;2025-01-16;27;21824;55104,89
51685;2025-01-16;69;21874;23358,72
51686;2025-01-16;27;21911;7686,95
51687;2025-01-16;33;21977;50495,82
51688;2025-01-16;33;22008;73781,51
51689;2025-01-17;59;21376;42175,89
51690;2025-01-17;8;21382;18469,42
51691;2025-01-17;68;21409;35641,23
51692;2025-01-17;51;21463;68658,5
51693;2025-01-17;72;21496;9514,93
51694;2025-01-17;24;21501;91246,49
51695;2025-01-17;34;21592;22009,57
51696;2025-01-17;64;21601;40892,63
51697;2025-01-17;23;21664;389467,93
51698;2025-01-17;1;21682;821,56
51699;2025-01-17;35;21686;421775,88
51700;2025-01-17;35;21687;489719,4
51701;2025-01-17;73;21715;971375,31
51702;2025-01-17;41;21737;7626,89
51703;2025-01-17;50;21739;24628,2
51704;2025-01-17;46;21740;174736,08
51705;2025-01-17;32;21925;208739,09
51706;2025-01-18;68;21290;26082,95
51707;2025-01-18;15;21347;36458,8
51708;2025-01-18;58;21440;104933,78
51709;2025-01-18;68;21529;22269,53
51710;2025-01-18;52;21613;90448,09
51711;2025-01-18;58;21650;136768,37
51712;2025-01-18;23;21663;56218,54
51713;2025-01-18;49;21669;63269,11
51714;2025-01-18;22;21694;28292,36
51715;2025-01-18;38;21695;75545,91
51716;2025-01-18;58;21703;251186,53
51717;2025-01-18;3;21733;101053,75
51718;2025-01-19;59;21345;9276,09
51719;2025-01-19;15;21352;162253,46
51720;2025-01-19;54;21402;12196,71
51721;2025-01-19;8;21413;71661,12
51722;2025-01-19;69;21713;30403,88
51723;2025-01-19;65;21767;27303,15
51724;2025-01-19;65;21779;46732,6
51725;2025-01-19;37;21818;17591,24
51726;2025-01-20;34;21268;34411,44
51727;2025-01-20;59;21367;67272,15
51728;2025-01-20;6;21536;106779,18
51729;2025-01-20;68;21646;23269,98
51730;2025-01-20;19;21691;17972,35
51731;2025-01-20;43;21708;76558,52
51732;2025-01-20;63;21722;58271,81
51733;2025-01-20;58;21754;217571,03
51734;2025-01-21;55;20857;6941,25
51735;2025-01-21;74;21071;410412,18
51736;2025-01-21;59;21403;26640,4
51737;2025-01-21;16;21569;739530,08
51738;2025-01-21;30;21636;3627,13
51739;2025-01-21;30;21677;64078,42
51740;2025-01-21;73;21698;597167,28
51741;2025-01-21;23;21712;396198,72
51742;2025-01-21;2;21717;449908,81
51743;2025-01-21;57;21721;212332,92
51744;2025-01-21;38;21732;220343,85
51745;2025-01-21;63;21735;29790,18
51746;2025-01-21;46;21745;298225,46
51747;2025-01-21;23;21752;343071,68
51748;2025-01-21;25;21763;56318,6
51749;2025-01-21;14;22036;5459,18
51750;2025-01-22;11;20970;13305,94
51751;2025-01-22;34;21090;48202,29
51752;2025-01-22;39;21341;66887,83
51753;2025-01-22;67;21538;111437,77
51754;2025-01-22;29;21598;70693,82
51755;2025-01-22;30;21638;60278,7
51756;2025-01-22;52;21681;197708,88
51757;2025-01-22;7;21704;643411,03
51758;2025-01-22;31;21707;458193,23
51759;2025-01-22;6;21729;468771,67
51760;2025-01-22;9;21736;18736,11
51761;2025-01-22;69;21756;14270,54
51762;2025-01-22;17;21765;342530,28
51763;2025-01-22;3;21784;54859,8
51764;2025-01-22;32;22017;108141,36
51765;2025-01-22;28;22043;38201,53
51766;2025-01-23;74;20839;210141,09
51767;2025-01-23;36;21241;42793,02
51768;2025-01-23;59;21335;90883,89
51769;2025-01-23;59;21375;84763,74
51770;2025-01-23;39;21433;61595,7
51771;2025-01-23;40;21600;375827,78
51772;2025-01-23;10;21605;43458,58
51773;2025-01-23;13;21626;47575,85
51774;2025-01-23;8;21649;152995,45
51775;2025-01-23;37;21653;61219,55
51776;2025-01-23;37;21670;126433,18
51777;2025-01-23;6;21744;281436,13
51778;2025-01-23;50;21762;89543,86
51779;2025-01-23;21;21787;52161,62
51780;2025-01-23;22;21822;26898,84
51781;2025-01-23;70;21833;43688,37
51782;2025-01-23;5;22053;21726,65
51783;2025-01-23;33;22090;81009,63
51784;2025-01-24;20;21372;160463,19
51785;2025-01-24;44;21481;523401,61
51786;2025-01-24;7;21609;574753,64
51787;2025-01-24;57;21738;206873,13
51788;2025-01-24;50;21757;37581,74
51789;2025-01-24;17;21814;397240,9
51790;2025-01-24;12;21820;11965,6
51791;2025-01-24;9;21871;3378,21
51792;2025-01-24;41;21949;2577,99
51793;2025-01-24;47;22087;66457,27
51794;2025-01-25;26;20899;44402,44
51795;2025-01-25;54;21091;13313,94
51796;2025-01-25;26;21293;73032,31
51797;2025-01-25;8;21515;52708,42
51798;2025-01-25;30;21537;41461,97
51799;2025-01-25;21;21753;75419,38
51800;2025-01-25;46;21770;211144,0
51801;2025-01-25;56;21777;65224,05
51802;2025-01-25;1;21830;22532,41
51803;2025-01-25;19;21832;89265,31
51804;2025-01-25;49;21840;59290,59
51805;2025-01-26;26;21358;33711,39
51806;2025-01-26;13;21547;67189,57
51807;2025-01-26;8;21645;194689,87
51808;2025-01-26;29;21758;90658,68
51809;2025-01-26;33;21769;40813,06
51810;2025-01-26;73;21772;491403,06
51811;2025-01-26;1;21778;3258,39
51812;2025-01-26;63;21803;11995,72
51813;2025-01-26;23;21851;435573,04
51814;2025-01-27;13;21025;25234,02
51815;2025-01-27;56;21791;2245,0
51816;2025-01-27;27;21932;74665,75
51817;2025-01-27;75;21969;144112,25
51818;2025-01-28;45;20936;82436,55
51819;2025-01-28;34;21023;8722,3
51820;2025-01-28;18;21304;148619,54
51821;2025-01-28;7;21555;504403,73
51822;2025-01-28;52;21611;29977,78
51823;2025-01-28;64;21640;6063,9
51824;2025-01-28;52;21657;207972,99
51825;2025-01-28;29;21684;17728,45
51826;2025-01-28;12;21774;23471,94
51827;2025-01-28;63;21796;5748,29
51828;2025-01-28;65;21826;24855,41
51829;2025-01-28;72;21860;100485,16
51830;2025-01-28;43;21863;1561,82
51831;2025-01-28;17;21883;314885,13
51832;2025-01-28;42;21963;18902,26
51833;2025-01-28;75;21966;30180,92
51834;2025-01-29;4;21623;92608,23
51835;2025-01-29;80;21879;295501,27
51836;2025-01-29;56;21885;64087,38
51837;2025-01-29;78;21938;50522,76
51838;2025-01-30;20;21129;14055,02
51839;2025-01-30;34;21592;10419,23
51840;2025-01-30;30;21608;21074,03
51841;2025-01-30;16;21627;523992,58
51842;2025-01-30;64;21655;48665,07
51843;2025-01-30;29;21776;3566,5
51844;2025-01-30;1;21794;20480,42
51845;2025-01-30;35;21810;222981,83
51846;2025-01-30;63;21811;38989,95
51847;2025-01-30;22;21827;35712,4
51848;2025-01-30;49;21893;13364,5
51849;2025-01-30;73;21904;328897,24
51850;2025-01-30;75;22009;136073,9
51851;2025-01-31;36;21303;124452,71
51852;2025-01-31;11;21506;15935,1
51853;2025-01-31;66;21549;9748,4
51854;2025-01-31;63;21735;20747,05
51855;2025-01-31;16;21786;420801,32
51856;2025-01-31;25;21819;53923,58
51857;2025-01-31;73;21838;535329,88
51858;2025-01-31;35;21889;194385,55
51859;2025-01-31;22;21899;56281,86
51860;2025-01-31;41;21991;35100,42
51861;2025-02-01;45;21073;80863,33
51862;2025-02-01;55;21234;31049,13
51863;2025-02-01;59;21487;57530,62
51864;2025-02-01;40;21651;279231,97
51865;2025-02-01;30;21797;74558,52
51866;2025-02-01;42;21990;16678,18
51867;2025-02-02;55;20832;4640,18
51868;2025-02-02;45;20972;125611,58
51869;2025-02-02;69;21631;28096,05
51870;2025-02-02;22;21667;4850,68
51871;2025-02-02;68;21683;59094,93
51872;2025-02-02;27;21718;24357,11
51873;2025-02-02;8;21781;179886,99
51874;2025-02-02;44;21792;760111,35
51875;2025-02-02;68;21807;39224,28
51876;2025-02-02;76;21873;95963,63
51877;2025-02-02;10;21881;26189,3
51878;2025-02-02;50;21896;131673,62
51879;2025-02-02;32;22003;116135,62
51880;2025-02-02;27;22020;70202,67
51881;2025-02-03;60;20987;116630,72
51882;2025-02-03;54;21237;20139,17
51883;2025-02-03;18;21334;14252,91
51884;2025-02-03;44;21615;296713,74
51885;2025-02-03;8;21723;40744,33
51886;2025-02-03;16;21727;357238,04
51887;2025-02-03;30;21746;68729,39
51888;2025-02-03;31;21857;239520,96
51889;2025-02-03;70;21891;34656,06
51890;2025-02-04;67;21538;114838,34
51891;2025-02-04;39;21568;29543,04
51892;2025-02-04;68;21685;39578,48
51893;2025-02-04;65;21711;1883,4
51894;2025-02-04;61;21760;55919,85
51895;2025-02-04;29;21771;93111,16
51896;2025-02-04;9;21808;15691,42
51897;2025-02-04;9;21821;29771,56
51898;2025-02-04;73;21890;719309,3
51899;2025-02-04;19;21916;36423,52
51900;2025-02-04;9;21927;11349,55
51901;2025-02-04;47;21930;40917,74
51902;2025-02-05;55;20857;6999,03
51903;2025-02-05;53;21040;75948,21
51904;2025-02-05;36;21213;201145,02
51905;2025-02-05;66;21566;21890,95
51906;2025-02-05;40;21719;485078,07
51907;2025-02-05;68;21829;13156,56
51908;2025-02-05;23;21884;210726,22
51909;2025-02-05;31;21900;547005,37
51910;2025-02-05;63;21901;30582,69
51911;2025-02-05;49;21923;36394,76
51912;2025-02-05;79;21936;38569,65
51913;2025-02-05;77;22040;1662,17
51914;2025-02-05;71;22184;15735,45
51915;2025-02-06;74;21141;430565,55
51916;2025-02-06;68;21724;64427,43
51917;2025-02-06;67;21813;376081,42
51918;2025-02-06;67;21834;308523,63
51919;2025-02-06;25;21886;12142,8
51920;2025-02-06;46;21892;281552,42
51921;2025-02-06;22;21918;50567,73
51922;2025-02-06;56;21935;106656,98
51923;2025-02-06;79;21951;8254,87
51924;2025-02-06;37;21960;79679,98
51925;2025-02-06;79;21961;20992,63
51926;2025-02-06;57;21970;517282,54
51927;2025-02-06;28;22186;86684,33
51928;2025-02-07;11;21357;772,16
51929;2025-02-07;18;21429;47663,25
51930;2025-02-07;75;21785;25781,03
51931;2025-02-07;63;21947;43075,76
51932;2025-02-07;23;21954;417423,39
51933;2025-02-07;49;21958;21663,89
51934;2025-02-07;31;21972;200880,33
51935;2025-02-07;32;21993;101401,46
51936;2025-02-07;42;22052;75839,7
51937;2025-02-08;55;20819;31265,69
51938;2025-02-08;18;21494;105855,27
51939;2025-02-08;64;21693;29344,26
51940;2025-02-08;17;21701;64800,0
51941;2025-02-08;29;21855;90233,2
51942;2025-02-08;16;21859;508975,48
51943;2025-02-08;21;21912;120123,4
51944;2025-02-08;1;21928;15974,02
51945;2025-02-08;27;22055;17944,83
51946;2025-02-09;34;21502;32901,39
51947;2025-02-09;7;21609;294942,94
51948;2025-02-09;48;21629;17958,34
51949;2025-02-09;69;21665;5723,73
51950;2025-02-09;68;21672;24023,47
51951;2025-02-09;79;21919;41591,76
51952;2025-02-09;63;21922;39053,7
51953;2025-02-09;19;21934;207571,96
51954;2025-02-09;78;22028;88744,0
51955;2025-02-09;28;22225;41828,1
51956;2025-02-10;74;21109;145997,59
51957;2025-02-10;18;21327;112276,6
51958;2025-02-10;13;21344;42194,67
51959;2025-02-10;15;21621;108779,01
51960;2025-02-10;52;21726;293435,18
51961;2025-02-10;67;21800;74730,95
51962;2025-02-10;22;21827;16769,45
51963;2025-02-10;24;21852;19848,56
51964;2025-02-10;40;21906;362704,35
51965;2025-02-10;37;21907;12688,03
51966;2025-02-10;50;21914;62895,0
51967;2025-02-10;34;21926;51170,13
51968;2025-02-10;80;21946;479865,55
51969;2025-02-10;72;21979;83387,2
51970;2025-02-10;17;21987;55085,05
51971;2025-02-10;70;22005;68052,21
51972;2025-02-10;14;22036;6261,71
51973;2025-02-10;78;22051;49088,67
51974;2025-02-10;34;22054;23714,1
51975;2025-02-10;75;22057;167837,96
51976;2025-02-10;41;22118;15944,53
51977;2025-02-10;28;22203;111272,37
51978;2025-02-11;4;21766;157777,92
51979;2025-02-11;43;21937;29690,73
51980;2025-02-11;25;21999;53693,89
51981;2025-02-11;58;22001;393684,41
51982;2025-02-11;12;22007;28141,84
51983;2025-02-11;47;22183;44856,67
51984;2025-02-11;14;22256;34924,45
51985;2025-02-12;15;21635;120151,63
51986;2025-02-12;62;21641;51550,32
51987;2025-02-12;16;21742;644757,69
51988;2025-02-12;13;21793;44890,55
51989;2025-02-12;79;21941;12065,61
51990;2025-02-12;43;21942;30230,52
51991;2025-02-12;58;21950;207968,18
51992;2025-02-12;21;21973;123647,13
51993;2025-02-12;80;22016;204287,1
51994;2025-02-13;20;21662;154604,55
51995;2025-02-13;23;21663;61117,68
51996;2025-02-13;44;21801;544638,93
51997;2025-02-13;16;21845;379900,14
51998;2025-02-13;35;21965;88585,06
51999;2025-02-13;58;21985;347051,78
52000;2025-02-13;50;22025;21807,75
52001;2025-02-13;1;22068;1583,84
52002;2025-02-13;71;22212;20807,44
52003;2025-02-14;18;21551;145895,03
52004;2025-02-14;62;21643;87104,97
52005;2025-02-14;20;21678;44564,87
52006;2025-02-14;62;21709;82282,84
52007;2025-02-14;4;21761;107196,28
52008;2025-02-14;40;21802;301381,0
52009;2025-02-14;30;21849;42178,38
52010;2025-02-14;68;21872;32489,86
52011;2025-02-14;4;21895;91155,19
52012;2025-02-14;67;21910;459187,45
52013;2025-02-14;8;21948;40242,21
52014;2025-02-14;29;21952;65433,15
52015;2025-02-14;38;21964;48635,12
52016;2025-02-14;73;21994;576943,44
52017;2025-02-14;17;22015;444220,23
52018;2025-02-14;32;22063;12150,16
52019;2025-02-14;37;22076;97050,65
52020;2025-02-14;28;22280;22808,4
52021;2025-02-15;15;21743;191948,13
52022;2025-02-15;64;21861;84980,45
52023;2025-02-15;29;21868;70774,82
52024;2025-02-15;50;21997;46175,55
52025;2025-02-15;43;22026;57010,55
52026;2025-02-15;23;22027;498247,98
52027;2025-02-15;1;22071;31754,34
52028;2025-02-15;69;22196;60037,88
52029;2025-02-16;48;21668;25065,91
52030;2025-02-16;58;21703;206648,54
52031;2025-02-16;1;21830;14547,36
52032;2025-02-16;63;21982;15563,37
52033;2025-02-16;21;21983;72742,21
52034;2025-02-16;50;22000;83103,71
52035;2025-02-16;63;22023;4693,98
52036;2025-02-16;2;22030;167921,2
52037;2025-02-16;70;22086;18940,44
52038;2025-02-16;77;22092;9176,12
52039;2025-02-16;32;22105;97514,91
52040;2025-02-16;5;22297;111187,46
52041;2025-02-17;53;21299;88819,21
52042;2025-02-17;60;21306;127438,96
52043;2025-02-17;13;21353;77496,81
52044;2025-02-17;7;21858;371626,38
52045;2025-02-17;8;21897;56706,73
52046;2025-02-17;24;21920;52552,27
52047;2025-02-17;49;21981;58824,43
52048;2025-02-17;42;22113;30245,94
52049;2025-02-17;75;22181;113331,02
52050;2025-02-18;53;20800;59880,64
52051;2025-02-18;13;21344;31713,57
52052;2025-02-18;74;21412;224817,4
52053;2025-02-18;18;21660;29892,96
52054;2025-02-18;68;21685;29181,33
52055;2025-02-18;8;21835;60197,34
52056;2025-02-18;61;21924;54778,08
52057;2025-02-18;46;22012;409295,2
52058;2025-02-18;37;22108;29018,97
52059;2025-02-19;53;21063;5416,0
52060;2025-02-19;34;21542;15540,76
52061;2025-02-19;74;21628;134099,08
52062;2025-02-19;39;21716;24018,92
52063;2025-02-19;7;21815;199161,52
52064;2025-02-19;24;21839;52479,51
52065;2025-02-19;35;21889;139060,17
52066;2025-02-19;56;22022;49794,08
52067;2025-02-19;56;22060;98747,51
52068;2025-02-19;78;22091;40482,74
52069;2025-02-19;14;22294;66957,2
52070;2025-02-20;11;21509;17142,64
52071;2025-02-20;30;21636;5082,82
52072;2025-02-20;20;21710;34965,06
52073;2025-02-20;19;22018;5406,57
52074;2025-02-20;38;22031;84826,61
52075;2025-02-20;63;22037;26308,03
52076;2025-02-21;54;21237;17381,24
52077;2025-02-21;7;21555;386957,51
52078;2025-02-21;39;21768;49729,82
52079;2025-02-21;39;21782;12887,39
52080;2025-02-21;67;21800;106234,24
52081;2025-02-21;67;21837;233398,17
52082;2025-02-21;30;21854;22890,39
52083;2025-02-21;52;21862;103409,21
52084;2025-02-21;40;21870;603000,11
52085;2025-02-21;7;21978;564739,78
52086;2025-02-21;7;21995;476730,49
52087;2025-02-21;46;22078;354396,64
52088;2025-02-21;14;22293;93797,44
52089;2025-02-21;47;22308;139951,96
52090;2025-02-21;14;22351;70954,39
52091;2025-02-22;60;21451;77221,03
52092;2025-02-22;4;21908;89658,13
52093;2025-02-22;35;22059;139529,47
52094;2025-02-22;35;22072;402306,36
52095;2025-02-22;69;22134;33217,11
52096;2025-02-22;71;22295;8250,33
52097;2025-02-22;71;22366;15699,08
52098;2025-02-23;55;21042;13599,53
52099;2025-02-23;62;21749;16951,36
52100;2025-02-23;67;21866;438402,04
52101;2025-02-23;51;21882;59053,88
52102;2025-02-23;29;21952;60074,06
52103;2025-02-23;2;22058;365053,54
52104;2025-02-23;6;22067;357105,26
52105;2025-02-23;58;22085;83785,83
52106;2025-02-23;58;22097;290236,39
52107;2025-02-23;46;22100;165258,92
52108;2025-02-23;75;22179;313599,89
52109;2025-02-24;55;20858;22538,87
52110;2025-02-24;60;21229;121388,1
52111;2025-02-24;23;21884;286564,21
52112;2025-02-24;63;22070;34537,71
52113;2025-02-24;6;22083;463441,17
52114;2025-02-24;32;22178;127042,47
52115;2025-02-25;20;21843;15368,8
52116;2025-02-25;16;21888;445800,84
52117;2025-02-25;8;21915;126083,73
52118;2025-02-25;51;21917;76734,7
52119;2025-02-25;49;22047;53298,79
52120;2025-02-25;57;22048;358903,28
52121;2025-02-25;73;22084;280531,91
52122;2025-02-25;76;22106;83797,67
52123;2025-02-25;78;22151;3524,4
52124;2025-02-25;69;22206;61127,37
52125;2025-02-26;7;21945;459243,82
52126;2025-02-26;4;21968;45353,21
52127;2025-02-26;63;22023;6745,56
52128;2025-02-26;23;22077;239362,66
52129;2025-02-26;43;22107;21528,03
52130;2025-02-26;69;22255;16886,64
52131;2025-02-26;71;22393;2204,01
52132;2025-02-27;39;21773;93726,63
52133;2025-02-27;20;21809;29294,14
52134;2025-02-27;59;21836;35906,94
52135;2025-02-27;39;21876;40383,95
52136;2025-02-27;80;22016;226513,21
52137;2025-02-27;50;22025;25469,31
52138;2025-02-27;7;22033;321350,38
52139;2025-02-27;1;22041;3343,25
52140;2025-02-27;10;22081;91992,33
52141;2025-02-27;43;22088;26134,12
52142;2025-02-27;38;22135;85736,74
52143;2025-02-27;36;22166;90206,82
52144;2025-02-27;77;22218;53994,37
52145;2025-02-27;78;22287;74347,79
52146;2025-02-27;33;22338;22326,94
52147;2025-02-27;47;22361;64164,23
52148;2025-02-28;54;21181;115360,16
52149;2025-02-28;60;21381;158475,1
52150;2025-02-28;62;21853;40288,69
52151;2025-02-28;64;21956;34284,19
52152;2025-02-28;8;21975;230551,49
52153;2025-02-28;4;21980;15098,5
52154;2025-02-28;8;22013;77105,19
52155;2025-02-28;65;22042;36956,44
52156;2025-02-28;30;22062;62960,11
52157;2025-02-28;50;22096;81633,31
52158;2025-02-28;79;22111;45881,17
52159;2025-02-28;25;22137;37548,61
52160;2025-02-28;33;22413;53167,57
52161;2025-03-01;8;21939;171207,25
52162;2025-03-01;9;22056;8788,18
52163;2025-03-01;66;22095;83816,51
52164;2025-03-01;65;22101;19317,67
52165;2025-03-01;38;22144;55799,25
52166;2025-03-01;42;22265;54626,58
52167;2025-03-01;5;22376;60875,15
52168;2025-03-02;48;21841;14569,59
52169;2025-03-02;17;21987;43860,96
52170;2025-03-02;17;22099;146216,21
52171;2025-03-02;21;22124;35503,07
52172;2025-03-02;23;22133;430312,82
52173;2025-03-02;43;22156;37338,38
52174;2025-03-03;24;21959;109140,45
52175;2025-03-03;68;22046;83844,78
52176;2025-03-03;12;22131;20369,47
52177;2025-03-03;50;22148;25429,73
52178;2025-03-03;69;22233;51415,97
52179;2025-03-03;32;22239;77034,85
52180;2025-03-04;55;20832;6277,17
52181;2025-03-04;54;21230;31129,4
52182;2025-03-04;29;22004;62887,59
52183;2025-03-04;23;22027;530918,92
52184;2025-03-04;72;22104;130330,44
52185;2025-03-04;10;22115;37133,36
52186;2025-03-04;25;22117;91287,96
52187;2025-03-04;9;22132;9220,62
52188;2025-03-04;10;22167;47762,85
52189;2025-03-05;39;21898;10332,1
52190;2025-03-05;8;22045;137881,71
52191;2025-03-05;68;22049;21415,84
52192;2025-03-05;64;22120;22479,15
52193;2025-03-05;76;22139;11260,02
52194;2025-03-05;31;22142;380644,75
52195;2025-03-05;56;22154;37885,56
52196;2025-03-05;6;22172;208030,18
52197;2025-03-05;47;22430;121008,0
52198;2025-03-06;34;21502;16417,98
52199;2025-03-06;49;21958;21084,67
52200;2025-03-06;7;21988;201520,87
52201;2025-03-06;16;22103;405808,69
52202;2025-03-06;44;22110;518993,49
52203;2025-03-06;10;22147;34147,98
52204;2025-03-06;2;22153;415250,0
52205;2025-03-06;63;22164;11280,17
52206;2025-03-06;49;22170;33360,01
52207;2025-03-06;17;22194;334219,58
52208;2025-03-06;69;22206;27097,3
52209;2025-03-06;77;22268;52413,86
52210;2025-03-06;69;22337;103644,87
52211;2025-03-06;42;22341;39675,31
52212;2025-03-07;62;21749;25152,02
52213;2025-03-07;39;21768;59521,0
52214;2025-03-07;11;21933;15904,38
52215;2025-03-07;16;22074;624034,5
52216;2025-03-07;44;22102;747412,72
52217;2025-03-07;12;22165;3328,95
52218;2025-03-08;7;21815;261530,19
52219;2025-03-08;67;22125;390477,64
52220;2025-03-08;49;22152;39925,42
52221;2025-03-08;22;22195;56862,6
52222;2025-03-08;25;22204;87302,9
52223;2025-03-08;27;22315;28445,34
52224;2025-03-08;28;22442;162849,11
52225;2025-03-08;5;22446;99254,54
52226;2025-03-08;28;22449;101330,91
52227;2025-03-09;34;21542;9727,26
52228;2025-03-09;74;21628;83021,89
52229;2025-03-09;15;21953;176234,99
52230;2025-03-09;66;22155;33935,92
52231;2025-03-09;35;22191;170076,19
52232;2025-03-09;50;22197;22567,47
52233;2025-03-09;71;22496;8088,89
52234;2025-03-10;18;21720;62176,97
52235;2025-03-10;15;21905;245415,96
52236;2025-03-10;39;21962;41060,17
52237;2025-03-10;45;21989;207021,94
52238;2025-03-10;24;22011;13667,24
52239;2025-03-10;61;22014;41331,76
52240;2025-03-10;70;22173;62780,78
52241;2025-03-10;72;22190;55869,15
52242;2025-03-10;27;22286;22889,63
52243;2025-03-11;36;21696;52879,33
52244;2025-03-11;26;21828;77673,16
52245;2025-03-11;35;21965;60281,12
52246;2025-03-11;16;22119;576125,23
52247;2025-03-11;40;22146;289563,8
52248;2025-03-11;70;22157;106296,8
52249;2025-03-11;77;22320;29490,02
52250;2025-03-11;42;22346;34487,86
52251;2025-03-11;78;22386;183173,73
52252;2025-03-11;78;22452;85914,96
52253;2025-03-12;26;21475;3693,67
52254;2025-03-12;74;21795;247478,74
52255;2025-03-12;15;21974;168473,6
52256;2025-03-12;68;22049;17534,2
52257;2025-03-12;58;22085;57488,17
52258;2025-03-12;46;22209;98085,85
52259;2025-03-12;35;22216;155099,03
52260;2025-03-12;42;22335;69370,88
52261;2025-03-13;8;21835;47321,98
52262;2025-03-13;18;21887;58291,12
52263;2025-03-13;63;21982;9060,29
52264;2025-03-13;45;22010;59149,56
52265;2025-03-13;29;22021;28205,34
52266;2025-03-13;10;22213;46617,06
52267;2025-03-13;43;22215;29923,47
52268;2025-03-13;43;22223;14714,68
52269;2025-03-13;17;22242;346179,76
52270;2025-03-13;19;22254;72925,16
52271;2025-03-13;65;22272;63183,17
52272;2025-03-13;5;22511;61153,59
52273;2025-03-14;55;21042;13673,47
52274;2025-03-14;79;21941;8308,96
52275;2025-03-14;7;22035;835032,41
52276;2025-03-14;44;22141;567861,43
52277;2025-03-14;3;22205;32326,2
52278;2025-03-14;38;22231;160441,63
52279;2025-03-14;69;22388;38084,36
52280;2025-03-15;54;21452;3167,14
52281;2025-03-15;8;21897;81054,11
52282;2025-03-15;24;22123;17854,27
52283;2025-03-15;51;22180;27557,27
52284;2025-03-15;1;22185;2959,57
52285;2025-03-15;30;22189;27763,68
52286;2025-03-15;34;22202;55453,29
52287;2025-03-15;38;22236;105035,82
52288;2025-03-15;23;22261;673724,31
52289;2025-03-15;9;22276;18895,44
52290;2025-03-16;53;21315;7748,06
52291;2025-03-16;62;21992;34417,92
52292;2025-03-16;48;22006;44532,28
52293;2025-03-16;9;22056;11146,35
52294;2025-03-16;36;22127;71876,37
52295;2025-03-16;35;22219;253966,62
52296;2025-03-16;17;22243;150698,48
52297;2025-03-16;79;22262;1436,78
52298;2025-03-16;73;22274;366067,75
52299;2025-03-16;3;22278;24778,65
52300;2025-03-16;19;22281;29877,54
52301;2025-03-16;70;22304;55952,42
52302;2025-03-17;13;21528;86265,16
52303;2025-03-17;24;22143;51364,19
52304;2025-03-17;37;22176;29082,77
52305;2025-03-17;38;22250;113874,53
52306;2025-03-17;25;22253;107995,56
52307;2025-03-17;33;22338;23969,17
52308;2025-03-18;20;21809;13819,37
52309;2025-03-18;20;21986;146472,5
52310;2025-03-18;62;22038;47645,67
52311;2025-03-18;45;22065;112107,92
52312;2025-03-18;51;22149;30467,61
52313;2025-03-18;51;22150;14009,48
52314;2025-03-18;64;22163;2421,41
52315;2025-03-18;72;22224;23554,32
52316;2025-03-18;63;22248;30524,82
52317;2025-03-18;63;22269;16599,62
52318;2025-03-18;12;22275;13806,69
52319;2025-03-18;72;22300;40380,0
52320;2025-03-18;65;22331;36652,17
52321;2025-03-18;32;22445;79814,62
52322;2025-03-18;28;22552;107857,74
52323;2025-03-18;28;22575;45979,59
52324;2025-03-19;18;21929;75829,48
52325;2025-03-19;74;21931;533779,08
52326;2025-03-19;7;22033;379323,76
52327;2025-03-19;39;22050;17114,72
52328;2025-03-19;44;22201;788534,55
52329;2025-03-19;44;22220;622436,73
52330;2025-03-19;3;22230;56510,64
52331;2025-03-19;23;22244;596724,4
52332;2025-03-19;66;22252;55672,0
52333;2025-03-19;76;22271;38345,67
52334;2025-03-19;25;22299;37953,36
52335;2025-03-19;35;22302;351328,94
52336;2025-03-19;5;22522;21709,86
52337;2025-03-20;74;21798;106144,18
52338;2025-03-20;62;22039;69538,56
52339;2025-03-20;8;22222;176209,38
52340;2025-03-20;58;22251;295026,55
52341;2025-03-20;63;22291;44270,17
52342;2025-03-20;43;22307;3496,13
52343;2025-03-20;65;22323;34733,67
52344;2025-03-20;71;22520;15080,43
52345;2025-03-20;47;22565;116018,14
52346;2025-03-21;26;21475;3103,51
52347;2025-03-21;26;22116;18059,67
52348;2025-03-21;40;22126;553089,63
52349;2025-03-21;9;22132;9501,09
52350;2025-03-21;4;22171;123976,92
52351;2025-03-21;68;22207;54516,47
52352;2025-03-21;23;22257;666869,46
52353;2025-03-21;9;22270;12899,95
52354;2025-03-21;12;22289;9784,74
52355;2025-03-21;46;22292;164098,35
52356;2025-03-22;55;21165;23058,78
52357;2025-03-22;11;21552;27535,05
52358;2025-03-22;13;21637;52273,09
52359;2025-03-22;54;21692;55363,99
52360;2025-03-22;18;21902;54540,12
52361;2025-03-22;35;22264;217828,02
52362;2025-03-22;72;22334;28756,27
52363;2025-03-22;42;22428;46412,18
52364;2025-03-22;42;22432;47615,94
52365;2025-03-22;77;22482;19547,42
52366;2025-03-23;49;22170;25225,74
52367;2025-03-23;3;22205;26485,93
52368;2025-03-23;52;22267;132925,11
52369;2025-03-23;58;22296;118586,42
52370;2025-03-23;37;22319;58472,76
52371;2025-03-23;65;22359;40983,11
52372;2025-03-23;33;22541;46548,91
52373;2025-03-24;18;22024;147632,26
52374;2025-03-24;20;22080;35473,48
52375;2025-03-24;24;22129;46052,21
52376;2025-03-24;68;22140;16326,95
52377;2025-03-24;24;22145;58752,96
52378;2025-03-24;73;22282;378799,0
52379;2025-03-24;68;22283;69095,77
52380;2025-03-24;49;22284;31290,63
52381;2025-03-24;31;22312;263939,74
52382;2025-03-24;37;22330;28020,43
52383;2025-03-24;38;22350;113165,92
52384;2025-03-24;34;22424;103316,78
52385;2025-03-25;11;21620;22029,69
52386;2025-03-25;26;22064;17100,83
52387;2025-03-25;15;22066;111067,54
52388;2025-03-25;64;22241;98091,84
52389;2025-03-25;23;22313;238490,39
52390;2025-03-25;50;22328;79966,56
52391;2025-03-25;1;22339;25203,59
52392;2025-03-25;42;22439;69304,73
52393;2025-03-25;47;22585;26331,35
52394;2025-03-26;74;21940;130528,78
52395;2025-03-26;54;22002;64736,7
52396;2025-03-26;52;22160;68230,73
52397;2025-03-26;35;22191;225515,51
52398;2025-03-26;52;22198;99246,53
52399;2025-03-26;64;22235;67398,2
52400;2025-03-26;23;22301;369884,86
52401;2025-03-26;10;22306;68380,26
52402;2025-03-26;22;22342;79610,93
52403;2025-03-26;80;22356;133662,38
52404;2025-03-26;21;22387;112847,53
52405;2025-03-26;47;22601;27852,75
52406;2025-03-27;7;21988;191262,22
52407;2025-03-27;20;22061;39590,91
52408;2025-03-27;51;22177;13826,48
52409;2025-03-27;19;22310;10791,14
52410;2025-03-27;12;22325;45343,15
52411;2025-03-27;70;22326;51674,6
52412;2025-03-27;56;22333;47611,55
52413;2025-03-27;69;22453;9649,35
52414;2025-03-27;78;22521;69803,76
52415;2025-03-28;45;21817;141818,44
52416;2025-03-28;55;21856;9148,9
52417;2025-03-28;15;22093;131656,6
52418;2025-03-28;39;22112;17062,88
52419;2025-03-28;68;22298;58186,05
52420;2025-03-28;23;22344;334557,18
52421;2025-03-28;50;22355;6611,99
52422;2025-03-28;73;22362;372144,21
52423;2025-03-28;23;22365;191155,07
52424;2025-03-28;25;22373;49444,19
52425;2025-03-28;19;22378;61773,85
52426;2025-03-28;72;22408;51290,76
52427;2025-03-28;14;22643;33030,59
52428;2025-03-28;14;22681;5467,16
52429;2025-03-29;74;21741;200046,27
52430;2025-03-29;20;22079;124479,99
52431;2025-03-29;74;22089;331299,62
52432;2025-03-29;39;22094;98986,55
52433;2025-03-29;62;22098;52112,51
52434;2025-03-29;24;22123;19029,92
52435;2025-03-29;16;22193;391489,18
52436;2025-03-29;46;22209;145875,76
52437;2025-03-29;34;22263;20493,7
52438;2025-03-29;43;22371;62402,44
52439;2025-03-29;76;22372;36405,24
52440;2025-03-29;2;22407;308739,85
52441;2025-03-29;32;22577;116168,4
52442;2025-03-30;54;21725;44366,36
52443;2025-03-30;18;22032;58070,51
52444;2025-03-30;62;22130;66117,13
52445;2025-03-30;44;22200;319737,1
52446;2025-03-30;29;22318;33366,45
52447;2025-03-30;61;22336;48012,94
52448;2025-03-30;6;22363;293744,32
52449;2025-03-30;37;22385;109487,37
52450;2025-03-30;33;22662;50104,04
52451;2025-03-31;53;21315;6510,96
52452;2025-03-31;18;22019;44799,61
52453;2025-03-31;9;22270;8531,06
52454;2025-03-31;50;22353;3221,04
52455;2025-03-31;21;22421;112453,07
52456;2025-03-31;49;22433;20260,08
52457;2025-03-31;23;22435;331209,6
52458;2025-04-01;26;22034;46844,71
52459;2025-04-01;7;22210;347078,16
52460;2025-04-01;64;22247;21201,19
52461;2025-04-01;23;22360;585763,67
52462;2025-04-01;43;22368;38889,38
52463;2025-04-01;2;22369;332718,29
52464;2025-04-01;57;22374;375176,37
52465;2025-04-01;58;22395;379880,21
52466;2025-04-01;25;22441;47303,1
52467;2025-04-01;63;22444;11577,81
52468;2025-04-01;47;22647;83436,27
52469;2025-04-02;60;21674;85409,8
52470;2025-04-02;18;22073;86645,75
52471;2025-04-02;39;22138;67216,62
52472;2025-04-02;51;22149;36071,51
52473;2025-04-02;3;22377;39850,34
52474;2025-04-02;57;22380;238262,24
52475;2025-04-02;50;22399;40848,83
52476;2025-04-02;57;22406;246375,69
52477;2025-04-02;33;22701;126059,3
52478;2025-04-03;8;22340;55938,55
52479;2025-04-03;8;22347;70951,65
52480;2025-04-03;35;22382;726315,72
52481;2025-04-03;29;22390;6451,72
52482;2025-04-03;56;22404;41099,17
52483;2025-04-03;3;22415;10398,38
52484;2025-04-03;65;22417;91847,58
52485;2025-04-03;31;22420;238861,22
52486;2025-04-03;25;22425;51214,52
52487;2025-04-03;56;22426;18866,75
52488;2025-04-03;76;22440;35140,1
52489;2025-04-03;76;22448;5670,78
52490;2025-04-03;23;22454;797630,09
52491;2025-04-03;71;22673;28191,12
52492;2025-04-04;45;21783;86061,88
52493;2025-04-04;60;21944;158833,7
52494;2025-04-04;34;22114;55115,94
52495;2025-04-04;63;22164;10371,61
52496;2025-04-04;59;22182;42856,75
52497;2025-04-04;1;22185;3908,3
52498;2025-04-04;49;22284;13803,4
52499;2025-04-04;44;22311;437644,06
52500;2025-04-04;40;22317;562828,19
52501;2025-04-04;40;22327;524949,61
52502;2025-04-04;37;22437;63723,37
52503;2025-04-04;79;22457;5979,6
52504;2025-04-04;57;22466;187777,59
52505;2025-04-04;46;22475;107431,68
52506;2025-04-04;75;22553;106237,13
52507;2025-04-04;27;22555;30934,17
52508;2025-04-04;41;22596;5277,48
52509;2025-04-04;5;22692;18286,22
52510;2025-04-05;55;21165;30307,96
52511;2025-04-05;74;21940;76048,69
52512;2025-04-05;67;22229;362374,62
52513;2025-04-05;74;22237;298256,53
52514;2025-04-05;23;22313;117529,13
52515;2025-04-05;68;22314;96240,48
52516;2025-04-05;67;22324;163624,31
52517;2025-04-05;1;22389;65250,06
52518;2025-04-05;66;22423;90323,48
52519;2025-04-05;78;22528;42407,75
52520;2025-04-05;5;22676;129247,81
52521;2025-04-05;5;22699;54495,41
52522;2025-04-06;26;21705;55348,33
52523;2025-04-06;11;21880;27025,53
52524;2025-04-06;62;22159;50852,98
52525;2025-04-06;20;22187;142617,73
52526;2025-04-06;35;22216;157684,83
52527;2025-04-06;67;22245;275376,72
52528;2025-04-06;19;22481;46136,64
52529;2025-04-07;53;21690;32442,65
52530;2025-04-07;6;22427;590611,61
52531;2025-04-07;58;22436;414104,11
52532;2025-04-07;23;22491;1148509,73
52533;2025-04-07;47;22585;22155,05
52534;2025-04-07;71;22705;39096,77
52535;2025-04-07;14;22708;16001,25
52536;2025-04-08;55;21679;26124,6
52537;2025-04-08;7;22210;163512,88
52538;2025-04-08;15;22217;168332,89
52539;2025-04-08;68;22303;81803,11
52540;2025-04-08;40;22403;574106,45
52541;2025-04-08;68;22429;72393,64
52542;2025-04-08;73;22451;534904,94
52543;2025-04-08;57;22455;281222,43
52544;2025-04-08;66;22484;47603,13
52545;2025-04-08;47;22747;128626,89
52546;2025-04-08;5;22751;57313,08
52547;2025-04-09;18;21902;40518,73
52548;2025-04-09;76;22271;42006,53
52549;2025-04-09;40;22305;520435,36
52550;2025-04-09;68;22367;37822,57
52551;2025-04-09;57;22462;484896,17
52552;2025-04-09;49;22472;96633,89
52553;2025-04-09;50;22487;47083,59
52554;2025-04-09;41;22567;18383,49
52555;2025-04-09;41;22593;18689,48
52556;2025-04-10;54;21692;34685,54
52557;2025-04-10;53;21750;46618,44
52558;2025-04-10;74;21798;55631,35
52559;2025-04-10;23;22365;164118,59
52560;2025-04-10;51;22383;38303,52
52561;2025-04-10;17;22464;369927,2
52562;2025-04-10;80;22480;113239,2
52563;2025-04-10;22;22493;22818,09
52564;2025-04-10;37;22542;73889,64
52565;2025-04-10;27;22609;5575,09
52566;2025-04-10;32;22614;153627,15
52567;2025-04-10;47;22779;100929,31
52568;2025-04-11;13;21957;63172,56
52569;2025-04-11;48;22221;3120,09
52570;2025-04-11;29;22384;64099,94
52571;2025-04-11;7;22391;477899,87
52572;2025-04-11;40;22409;682547,5
52573;2025-04-11;38;22479;174321,07
52574;2025-04-11;70;22529;24764,34
52575;2025-04-11;75;22611;83303,01
52576;2025-04-11;42;22628;117459,96
52577;2025-04-12;48;22232;15935,59
52578;2025-04-12;17;22243;196010,92
52579;2025-04-12;15;22259;155051,68
52580;2025-04-12;29;22290;28231,02
52581;2025-04-12;72;22490;56290,02
52582;2025-04-12;46;22495;320965,12
52583;2025-04-12;2;22505;380997,56
52584;2025-04-12;50;22515;79072,83
52585;2025-04-12;32;22606;50959,0
52586;2025-04-12;27;22634;8889,82
52587;2025-04-12;77;22640;18082,87
52588;2025-04-12;33;22766;36742,24
52589;2025-04-13;65;22331;53187,99
52590;2025-04-13;52;22354;121848,81
52591;2025-04-13;64;22438;31712,97
52592;2025-04-13;76;22440;47709,82
52593;2025-04-13;67;22458;249439,22
52594;2025-04-13;80;22477;351288,36
52595;2025-04-13;5;22522;21407,67
52596;2025-04-13;3;22525;104527,84
52597;2025-04-13;1;22578;17199,04
52598;2025-04-13;77;22665;9433,39
52599;2025-04-13;33;22762;37073,12
52600;2025-04-14;22;22509;106664,15
52601;2025-04-14;57;22536;395146,67
52602;2025-04-14;1;22574;63889,37
52603;2025-04-14;42;22613;91033,47
52604;2025-04-14;41;22631;11778,08
52605;2025-04-14;5;22824;17130,96
52606;2025-04-15;39;22050;16714,1
52607;2025-04-15;64;22163;2093,8
52608;2025-04-15;74;22238;442081,5
52609;2025-04-15;24;22392;26803,26
52610;2025-04-15;40;22394;932974,04
52611;2025-04-15;56;22499;32625,55
52612;2025-04-15;38;22502;205233,25
52613;2025-04-15;65;22516;38550,76
52614;2025-04-15;56;22535;12022,13
52615;2025-04-15;6;22543;199331,68
52616;2025-04-15;35;22548;185050,79
52617;2025-04-15;10;22557;38373,48
52618;2025-04-15;2;22562;246662,2
52619;2025-04-15;33;22784;32728,59
52620;2025-04-16;20;22214;114593,8
52621;2025-04-16;59;22249;84301,81
52622;2025-04-16;39;22258;177688,03
52623;2025-04-16;2;22497;244344,8
52624;2025-04-16;38;22501;108795,75
52625;2025-04-16;38;22524;77827,67
52626;2025-04-16;23;22547;678020,56
52627;2025-04-16;70;22561;49528,28
52628;2025-04-16;21;22580;27566,72
52629;2025-04-16;42;22698;14389,9
52630;2025-04-16;75;22702;96434,78
52631;2025-04-16;5;22839;53482,17
52632;2025-04-17;45;22065;57544,06
52633;2025-04-17;18;22073;47024,21
52634;2025-04-17;7;22467;395133,82
52635;2025-04-17;65;22486;49180,57
52636;2025-04-17;31;22514;299104,05
52637;2025-04-17;57;22534;548739,63
52638;2025-04-17;80;22554;121655,36
52639;2025-04-17;38;22573;63318,31
52640;2025-04-17;17;22582;381753,75
52641;2025-04-17;43;22586;54401,08
52642;2025-04-17;32;22646;106939,41
52643;2025-04-17;77;22691;12846,25
52644;2025-04-17;27;22739;29422,15
52645;2025-04-18;60;21984;75465,24
52646;2025-04-18;76;22448;8241,86
52647;2025-04-18;51;22450;64237,87
52648;2025-04-18;44;22459;782277,53
52649;2025-04-18;51;22483;73473,03
52650;2025-04-18;79;22590;32430,49
52651;2025-04-19;48;22221;4199,91
52652;2025-04-19;59;22260;84736,36
52653;2025-04-19;15;22279;119787,02
52654;2025-04-19;43;22307;3712,53
52655;2025-04-19;65;22504;93377,09
52656;2025-04-19;79;22595;835,7
52657;2025-04-19;70;22644;46889,88
52658;2025-04-19;27;22677;32659,47
52659;2025-04-19;78;22714;46650,17
52660;2025-04-19;78;22793;51421,18
52661;2025-04-20;39;22288;36533,88
52662;2025-04-20;65;22359;34558,8
52663;2025-04-20;30;22506;20249,28
52664;2025-04-20;56;22560;40047,77
52665;2025-04-20;80;22576;422613,71
52666;2025-04-20;78;22655;33649,19
52667;2025-04-21;24;22478;58411,39
52668;2025-04-21;37;22494;108160,43
52669;2025-04-21;30;22510;47826,59
52670;2025-04-21;23;22539;547672,29
52671;2025-04-21;61;22540;115544,76
52672;2025-04-21;25;22545;39696,1
52673;2025-04-21;17;22559;126899,3
52674;2025-04-21;76;22584;51405,35
52675;2025-04-21;70;22592;17287,34
52676;2025-04-21;17;22597;359392,5
52677;2025-04-21;65;22602;33519,62
52678;2025-04-21;43;22608;57406,98
52679;2025-04-22;54;22044;38664,68
52680;2025-04-22;63;22444;11897,78
52681;2025-04-22;64;22465;49128,05
52682;2025-04-22;1;22549;1692,69
52683;2025-04-22;10;22571;62016,74
52684;2025-04-22;10;22624;22452,37
52685;2025-04-22;27;22761;31138,75
52686;2025-04-22;5;22859;6747,81
52687;2025-04-23;48;22316;14174,22
52688;2025-04-23;26;22396;14231,04
52689;2025-04-23;45;22419;72551,57
52690;2025-04-23;44;22523;427928,48
52691;2025-04-23;35;22563;406297,93
52692;2025-04-23;2;22633;249169,35
52693;2025-04-23;32;22851;218989,65
52694;2025-04-23;28;22860;37375,42
52695;2025-04-24;23;22301;174023,15
52696;2025-04-24;61;22412;69219,59
52697;2025-04-24;2;22562;139093,16
52698;2025-04-24;58;22583;292920,13
52699;2025-04-24;6;22594;277688,03
52700;2025-04-24;58;22604;280733,49
52701;2025-04-24;76;22618;39412,28
52702;2025-04-24;9;22626;29850,49
52703;2025-04-24;49;22639;67759,12
52704;2025-04-24;2;22641;209071,91
52705;2025-04-24;12;22658;68142,92
52706;2025-04-24;42;22698;11563,24
52707;2025-04-24;27;22738;10565,44
52708;2025-04-24;75;22741;153452,97
52709;2025-04-24;77;22749;47155,42
52710;2025-04-24;14;22938;54318,55
52711;2025-04-25;48;22329;48840,08
52712;2025-04-25;20;22381;104393,44
52713;2025-04-25;57;22668;374321,9
52714;2025-04-25;33;22762;34043,97
52715;2025-04-25;78;22819;46883,46
52716;2025-04-25;28;22924;369408,41
52717;2025-04-26;54;22422;44997,9
52718;2025-04-26;8;22461;207070,4
52719;2025-04-26;51;22513;19380,28
52720;2025-04-26;49;22619;63488,85
52721;2025-04-26;32;22786;35068,18
52722;2025-04-26;41;22813;57010,9
52723;2025-04-26;14;22905;3747,62
52724;2025-04-26;33;22913;58889,52
52725;2025-04-27;44;22418;365246,68
52726;2025-04-27;52;22434;54488,68
52727;2025-04-27;30;22506;9756,22
52728;2025-04-27;64;22508;41459,09
52729;2025-04-27;16;22579;337862,84
52730;2025-04-27;56;22603;80181,33
52731;2025-04-27;31;22625;121345,85
52732;2025-04-27;58;22645;93762,26
52733;2025-04-27;21;22672;71463,74
52734;2025-04-27;12;22675;48611,14
52735;2025-04-27;43;22679;5298,3
52736;2025-04-27;69;22737;61692,77
52737;2025-04-27;42;22755;11692,92
52738;2025-04-28;11;21848;40445,88
52739;2025-04-28;29;22470;117340,3
52740;2025-04-28;74;22471;295945,23
52741;2025-04-28;46;22475;110139,43
52742;2025-04-28;72;22638;37368,03
52743;2025-04-28;58;22648;451244,44
52744;2025-04-28;31;22654;397660,62
52745;2025-04-28;47;22747;56753,14
52746;2025-04-28;70;22756;46137,39
52747;2025-04-28;14;22935;17177,09
52748;2025-04-29;45;21783;37192,7
52749;2025-04-29;54;22431;28884,7
52750;2025-04-29;4;22569;98273,02
52751;2025-04-29;79;22642;25740,71
52752;2025-04-29;6;22653;262290,84
52753;2025-04-29;6;22663;337565,71
52754;2025-04-29;69;22806;42156,26
52755;2025-04-30;13;22109;29284,13
52756;2025-04-30;67;22324;93136,75
52757;2025-04-30;30;22489;18306,45
52758;2025-04-30;1;22616;8336,8
52759;2025-04-30;67;22632;116536,69
52760;2025-04-30;79;22684;6509,45
52761;2025-04-30;73;22686;454034,66
52762;2025-04-30;1;22735;29050,05
52763;2025-05-01;60;21674;38919,68
52764;2025-05-01;53;22122;24749,71
52765;2025-05-01;15;22279;77347,95
52766;2025-05-01;20;22370;105580,62
52767;2025-05-01;59;22416;49285,92
52768;2025-05-01;61;22537;15058,22
52769;2025-05-01;58;22669;105703,81
52770;2025-05-01;72;22680;40206,06
52771;2025-05-01;19;22685;24182,67
52772;2025-05-01;56;22731;97675,39
52773;2025-05-02;13;22357;37532,77
52774;2025-05-02;15;22410;189254,63
52775;2025-05-02;52;22485;73442,54
52776;2025-05-02;44;22507;391523,16
52777;2025-05-02;68;22531;53623,25
52778;2025-05-02;61;22600;23783,37
52779;2025-05-02;57;22649;411352,16
52780;2025-05-02;25;22732;32725,01
52781;2025-05-02;78;22796;3902,11
52782;2025-05-02;14;22967;70865,89
52783;2025-05-03;45;22208;107357,7
52784;2025-05-03;74;22469;181545,94
52785;2025-05-03;50;22661;93531,21
52786;2025-05-03;73;22670;727381,03
52787;2025-05-03;63;22674;10992,92
52788;2025-05-03;3;22693;100283,21
52789;2025-05-03;50;22729;55424,16
52790;2025-05-03;32;22848;97001,32
52791;2025-05-03;33;22948;98982,64
52792;2025-05-03;14;22976;108988,82
52793;2025-05-04;54;22211;17753,8
52794;2025-05-04;10;22707;52799,68
52795;2025-05-04;21;22709;85851,08
52796;2025-05-04;42;22879;60187,64
52797;2025-05-04;32;22912;128927,27
52798;2025-05-05;53;21844;47597,68
52799;2025-05-05;45;22488;13648,5
52800;2025-05-05;67;22588;374498,53
52801;2025-05-05;68;22622;77233,21
52802;2025-05-05;23;22710;418912,74
52803;2025-05-05;66;22740;45420,94
52804;2025-05-05;56;22744;52303,83
52805;2025-05-05;73;22754;386946,95
52806;2025-05-05;38;22758;47390,97
52807;2025-05-05;70;22818;91847,78
52808;2025-05-05;69;22902;93475,92
52809;2025-05-06;80;22477;204410,09
52810;2025-05-06;56;22535;9241,75
52811;2025-05-06;8;22568;230605,92
52812;2025-05-06;40;22652;747316,77
52813;2025-05-06;66;22690;130810,17
52814;2025-05-06;76;22696;72057,38
52815;2025-05-06;19;22719;69944,6
52816;2025-05-06;50;22723;21453,33
52817;2025-05-06;76;22769;19264,31
52818;2025-05-06;69;22893;31142,81
52819;2025-05-06;14;22905;2237,22
52820;2025-05-06;71;23010;45065,0
52821;2025-05-07;39;22456;105016,15
52822;2025-05-07;40;22621;356823,2
52823;2025-05-07;35;22711;370662,13
52824;2025-05-07;56;22712;27812,06
52825;2025-05-07;3;22713;27800,91
52826;2025-05-07;25;22716;20109,0
52827;2025-05-07;35;22728;201730,06
52828;2025-05-07;25;22752;17395,0
52829;2025-05-07;2;22785;367838,02
52830;2025-05-07;69;22863;10608,23
52831;2025-05-07;14;22935;18691,5
52832;2025-05-07;33;23013;61673,42
52833;2025-05-08;80;22554;80377,69
52834;2025-05-08;46;22718;506058,78
52835;2025-05-08;73;22730;294488,43
52836;2025-05-08;6;22753;425056,34
52837;2025-05-08;79;22775;42123,85
52838;2025-05-08;2;22798;226874,61
52839;2025-05-08;41;22933;39183,37
52840;2025-05-08;28;23031;64406,83
52841;2025-05-08;5;23033;42453,85
52842;2025-05-08;33;23055;59117,94
52843;2025-05-08;33;23070;28726,05
52844;2025-05-09;60;21812;147071,8
52845;2025-05-09;54;22044;35692,31
52846;2025-05-09;44;22564;669610,75
52847;2025-05-09;10;22722;53792,21
52848;2025-05-09;38;22773;84191,71
52849;2025-05-09;41;22927;23897,41
52850;2025-05-09;69;22952;64502,9
52851;2025-05-09;71;23071;48966,52
52852;2025-05-10;34;22544;8190,47
52853;2025-05-10;24;22572;65454,73
52854;2025-05-10;38;22573;46663,44
52855;2025-05-10;49;22742;51956,98
52856;2025-05-10;73;22768;558510,76
52857;2025-05-10;50;22771;59208,2
52858;2025-05-10;32;22930;118402,64
52859;2025-05-10;28;23066;94185,07
52860;2025-05-10;14;23100;33267,06
52861;2025-05-11;26;22082;67556,84
52862;2025-05-11;55;22168;1967,52
52863;2025-05-11;74;22411;62598,41
52864;2025-05-11;20;22476;227526,36
52865;2025-05-11;4;22591;84730,34
52866;2025-05-11;70;22592;24910,44
52867;2025-05-11;68;22607;37185,64
52868;2025-05-11;49;22791;51655,81
52869;2025-05-11;10;22804;19527,82
52870;2025-05-11;35;22805;308648,71
52871;2025-05-11;50;22812;72885,48
52872;2025-05-11;27;22909;88147,58
52873;2025-05-11;47;23063;421146,7
52874;2025-05-12;36;22402;140035,68
52875;2025-05-12;4;22635;77750,79
52876;2025-05-12;1;22733;30042,54
52877;2025-05-12;76;22759;18065,23
52878;2025-05-12;33;22766;33330,09
52879;2025-05-12;17;22795;394166,42
52880;2025-05-12;31;22825;197905,12
52881;2025-05-13;55;22199;14422,08
52882;2025-05-13;24;22650;67110,24
52883;2025-05-13;72;22794;38888,41
52884;2025-05-13;12;22817;31920,88
52885;2025-05-13;63;22836;13924,83
52886;2025-05-13;75;22911;136366,51
52887;2025-05-13;47;23053;148247,62
52888;2025-05-13;47;23091;107291,48
52889;2025-05-14;13;22343;18965,26
52890;2025-05-14;62;22500;117581,21
52891;2025-05-14;48;22546;11471,35
52892;2025-05-14;61;22570;54196,71
52893;2025-05-14;44;22630;467171,39
52894;2025-05-14;44;22688;231177,94
52895;2025-05-14;68;22736;42749,07
52896;2025-05-14;7;22750;750401,93
52897;2025-05-14;17;22767;350217,08
52898;2025-05-14;49;22829;63355,13
52899;2025-05-14;27;22989;3594,04
52900;2025-05-14;28;23090;110272,56
52901;2025-05-15;60;21984;69531,21
52902;2025-05-15;48;22518;15657,34
52903;2025-05-15;52;22726;50239,51
52904;2025-05-15;73;22730;181227,16
52905;2025-05-15;3;22789;51938,99
52906;2025-05-15;37;22790;41097,96
52907;2025-05-15;5;23033;46889,22
52908;2025-05-15;33;23118;116650,05
52909;2025-05-16;55;22266;51310,25
52910;2025-05-16;45;22352;53906,48
52911;2025-05-16;2;22497;140261,44
52912;2025-05-16;61;22537;15408,95
52913;2025-05-16;39;22550;8133,24
52914;2025-05-16;64;22687;53271,63
52915;2025-05-16;35;22801;275705,88
52916;2025-05-16;10;22849;2728,68
52917;2025-05-16;19;22861;16149,28
52918;2025-05-16;69;23029;82307,57
52919;2025-05-16;33;23127;20372,72
52920;2025-05-17;11;22309;19518,14
52921;2025-05-17;48;22316;12238,83
52922;2025-05-17;20;22538;84985,42
52923;2025-05-17;4;22569;71316,94
52924;2025-05-17;4;22727;28002,08
52925;2025-05-17;8;22745;196620,87
52926;2025-05-17;50;22771;25679,2
52927;2025-05-17;70;22781;24854,03
52928;2025-05-17;66;22820;14386,19
52929;2025-05-17;57;22832;320727,74
52930;2025-05-17;69;22863;14356,72
52931;2025-05-17;6;22881;98646,09
52932;2025-05-17;69;22943;43560,96
52933;2025-05-17;77;22978;56538,81
52934;2025-05-18;29;22612;12795,25
52935;2025-05-18;9;22626;14794,56
52936;2025-05-18;57;22815;101894,7
52937;2025-05-18;65;22869;26448,95
52938;2025-05-18;10;22885;34754,31
52939;2025-05-19;55;21799;21859,28
52940;2025-05-19;48;22599;57978,21
52941;2025-05-19;64;22763;161254,63
52942;2025-05-19;8;22807;134390,29
52943;2025-05-19;49;22827;39850,59
52944;2025-05-19;70;22834;63950,04
52945;2025-05-19;17;22838;101536,41
52946;2025-05-19;72;22853;77164,74
52947;2025-05-19;70;22854;24792,14
52948;2025-05-19;22;22856;16418,52
52949;2025-05-19;31;22862;196809,74
52950;2025-05-19;23;22874;267097,93
52951;2025-05-20;30;22682;29106,12
52952;2025-05-20;70;22841;84003,17
52953;2025-05-20;57;22866;315012,16
52954;2025-05-20;38;22897;29138,76
52955;2025-05-20;32;23003;91537,22
52956;2025-05-20;41;23044;14674,2
52957;2025-05-20;33;23153;28481,29
52958;2025-05-21;11;22587;35270,07
52959;2025-05-21;64;22774;150337,72
52960;2025-05-21;79;22850;28339,22
52961;2025-05-21;56;22873;26788,0
52962;2025-05-21;35;22896;290054,29
52963;2025-05-21;77;23005;29898,52
52964;2025-05-22;74;22161;313770,24
52965;2025-05-22;13;22227;53219,39
52966;2025-05-22;18;22474;161076,41
52967;2025-05-22;45;22667;218626,53
52968;2025-05-22;64;22721;148075,04
52969;2025-05-22;40;22743;305829,77
52970;2025-05-22;8;22814;33148,43
52971;2025-05-22;61;22822;8014,6
52972;2025-05-22;68;22855;51389,47
52973;2025-05-22;31;22870;151025,47
52974;2025-05-22;10;22904;84459,13
52975;2025-05-22;46;22919;579959,24
52976;2025-05-22;27;22989;4562,37
52977;2025-05-22;32;23001;54124,72
52978;2025-05-23;11;22364;28999,34
52979;2025-05-23;62;22589;29484,3
52980;2025-05-23;16;22664;235978,11
52981;2025-05-23;16;22760;648018,48
52982;2025-05-23;78;22796;2929,33
52983;2025-05-23;79;22858;20269,04
52984;2025-05-23;31;22871;132856,1
52985;2025-05-23;31;22891;327207,34
52986;2025-05-23;57;22901;180042,7
52987;2025-05-23;66;22917;5720,9
52988;2025-05-23;73;22925;340109,74
52989;2025-05-23;66;22932;119618,27
52990;2025-05-23;69;22947;63029,54
52991;2025-05-23;70;22973;16690,41
52992;2025-05-23;47;23167;146962,84
52993;2025-05-24;45;22228;128039,01
52994;2025-05-24;48;22610;18195,87
52995;2025-05-24;48;22637;27277,08
52996;2025-05-24;48;22657;78319,97
52997;2025-05-24;29;22700;92152,39
52998;2025-05-24;24;22787;39130,52
52999;2025-05-24;68;22797;66821,82
53000;2025-05-24;2;22886;404438,92
53001;2025-05-24;46;22889;441353,43
53002;2025-05-25;60;21846;98248,41
53003;2025-05-25;54;22121;76604,65
53004;2025-05-25;36;22397;117330,85
53005;2025-05-25;59;22666;114755,7
53006;2025-05-25;64;22678;38526,82
53007;2025-05-25;10;22707;32519,82
53008;2025-05-25;52;22734;68405,86
53009;2025-05-25;44;22780;699795,41
53010;2025-05-25;4;22802;82545,38
53011;2025-05-25;19;22861;20680,11
53012;2025-05-25;2;22906;260444,15
53013;2025-05-25;65;22916;28956,26
53014;2025-05-25;75;23023;139151,76
53015;2025-05-25;71;23253;18146,65
53016;2025-05-26;13;22623;57711,53
53017;2025-05-26;30;22724;60537,82
53018;2025-05-26;10;22885;39984,75
53019;2025-05-26;76;22918;41818,34
53020;2025-05-26;37;22941;74558,76
53021;2025-05-26;73;22965;180444,85
53022;2025-05-26;41;23109;55415,12
53023;2025-05-26;47;23205;58967,32
53024;2025-05-26;33;23280;68875,09
53025;2025-05-27;45;22460;49696,87
53026;2025-05-27;40;22717;858937,26
53027;2025-05-27;66;22740;35605,27
53028;2025-05-27;64;22846;2044,71
53029;2025-05-27;7;22890;860009,34
53030;2025-05-27;46;22929;430389,03
53031;2025-05-27;70;22946;49158,02
53032;2025-05-27;63;22962;981,08
53033;2025-05-27;19;22970;86645,57
53034;2025-05-27;56;22974;34028,67
53035;2025-05-27;27;23046;46864,83
53036;2025-05-27;27;23093;18219,95
53037;2025-05-27;42;23107;30176,42
53038;2025-05-27;71;23223;30984,86
53039;2025-05-28;60;21877;150017,0
53040;2025-05-28;26;22285;95267,86
53041;2025-05-28;48;22683;68364,95
53042;2025-05-28;44;22688;104983,86
53043;2025-05-28;39;22689;117010,82
53044;2025-05-28;16;22764;536583,48
53045;2025-05-28;9;22882;39577,12
53046;2025-05-28;52;22894;115160,64
53047;2025-05-28;16;22903;474886,95
53048;2025-05-28;17;22983;209338,8
53049;2025-05-28;57;22990;335829,52
53050;2025-05-28;41;23076;27663,13
53051;2025-05-28;47;23204;91935,61
53052;2025-05-29;61;22600;28883,96
53053;2025-05-29;74;22694;224070,77
53054;2025-05-29;36;22931;106664,36
53055;2025-05-29;25;22936;46879,93
53056;2025-05-29;3;22953;34198,29
53057;2025-05-29;25;22988;25080,85
53058;2025-05-29;9;23035;39744,72
53059;2025-05-29;69;23214;62391,76
53060;2025-05-29;28;23238;112519,5
53061;2025-05-30;55;22188;41563,46
53062;2025-05-30;45;22379;264169,66
53063;2025-05-30;30;22489;14710,9
53064;2025-05-30;29;22612;16074,33
53065;2025-05-30;62;22636;11933,27
53066;2025-05-30;48;22656;39968,06
53067;2025-05-30;4;22727;16661,48
53068;2025-05-30;4;22770;88178,26
53069;2025-05-30;40;22816;538188,47
53070;2025-05-30;58;22950;147022,61
53071;2025-05-30;79;22958;32242,45
53072;2025-05-30;77;23086;7649,65
53073;2025-05-30;71;23274;25146,99
53074;2025-05-31;34;22544;7106,09
53075;2025-05-31;13;22551;53014,79
53076;2025-05-31;40;22831;463391,42
53077;2025-05-31;16;22900;695497,09
53078;2025-05-31;1;22907;8197,13
53079;2025-05-31;23;22945;413453,63
53080;2025-05-31;35;22957;173789,56
53081;2025-05-31;72;22960;100333,98
53082;2025-05-31;79;22987;1982,94
53083;2025-05-31;38;22992;118671,93
53084;2025-06-01;26;22169;94874,02
53085;2025-06-01;48;22720;55372,79
53086;2025-06-01;16;22840;490581,66
53087;2025-06-01;23;22874;249544,15
53088;2025-06-01;67;22875;192527,7
53089;2025-06-01;37;22956;69068,02
53090;2025-06-01;49;22980;30163,71
53091;2025-06-01;22;22998;99215,42
53092;2025-06-01;79;23000;19791,92
53093;2025-06-02;45;22234;95976,73
53094;2025-06-02;53;22322;52227,66
53095;2025-06-02;59;22659;57969,77
53096;2025-06-02;56;22963;6908,65
53097;2025-06-02;49;22968;45521,81
53098;2025-06-02;43;22981;14813,6
53099;2025-06-02;73;22985;299368,23
53100;2025-06-02;41;23115;7168,98
53101;2025-06-02;47;23317;214476,88
53102;2025-06-03;7;22777;812263,2
53103;2025-06-03;52;22808;173055,7
53104;2025-06-03;58;22959;476770,72
53105;2025-06-03;49;22961;55362,14
53106;2025-06-03;2;23008;336430,37
53107;2025-06-03;3;23014;83161,94
53108;2025-06-03;32;23191;40725,92
53109;2025-06-04;61;22800;23231,12
53110;2025-06-04;10;22804;18480,7
53111;2025-06-04;6;22881;120301,42
53112;2025-06-04;70;22923;30830,81
53113;2025-06-04;1;22969;47290,47
53114;2025-06-04;77;23134;27836,01
53115;2025-06-05;74;22411;91490,27
53116;2025-06-05;37;22790;27345,08
53117;2025-06-05;67;22792;303131,28
53118;2025-06-05;30;22809;24808,1
53119;2025-06-05;44;22865;468217,45
53120;2025-06-05;61;22949;54434,34
53121;2025-06-05;79;22991;21966,44
53122;2025-06-05;50;22994;117318,42
53123;2025-06-05;79;22996;34884,78
53124;2025-06-05;25;23032;39787,32
53125;2025-06-05;21;23048;42138,56
53126;2025-06-05;57;23051;239743,37
53127;2025-06-05;34;23082;29035,98
53128;2025-06-05;70;23094;56866,1
53129;2025-06-05;75;23138;43462,7
53130;2025-06-05;33;23340;8800,76
53131;2025-06-06;45;22277;226630,94
53132;2025-06-06;74;22695;277935,06
53133;2025-06-06;13;22704;61379,64
53134;2025-06-06;30;22830;24723,69
53135;2025-06-06;21;22993;26346,52
53136;2025-06-06;17;23025;371238,07
53137;2025-06-06;41;23193;24904,32
53138;2025-06-07;11;22226;9271,34
53139;2025-06-07;45;22273;150622,56
53140;2025-06-07;67;22823;200471,85
53141;2025-06-07;40;22951;495179,61
53142;2025-06-07;9;23047;49511,64
53143;2025-06-07;43;23061;22441,05
53144;2025-06-07;63;23065;20343,36
53145;2025-06-07;38;23073;58555,36
53146;2025-06-07;63;23080;10257,89
53147;2025-06-07;41;23176;20071,22
53148;2025-06-07;41;23184;32442,56
53149;2025-06-07;77;23201;38482,59
53150;2025-06-07;27;23219;73898,02
53151;2025-06-07;71;23335;5381,61
53152;2025-06-08;13;22551;60463,34
53153;2025-06-08;52;22734;39548,19
53154;2025-06-08;62;22810;63934,46
53155;2025-06-08;29;22844;61987,27
53156;2025-06-08;24;22845;51106,34
53157;2025-06-08;63;23018;22825,27
53158;2025-06-08;50;23049;28511,74
53159;2025-06-08;46;23054;226796,93
53160;2025-06-08;66;23081;66266,24
53161;2025-06-08;9;23122;17402,69
53162;2025-06-08;75;23225;56116,67
53163;2025-06-08;71;23336;26243,24
53164;2025-06-09;13;22349;57205,97
53165;2025-06-09;26;22473;17092,0
53166;2025-06-09;15;22757;91896,71
53167;2025-06-09;74;22864;379534,0
53168;2025-06-09;21;23038;106266,46
53169;2025-06-09;72;23064;60528,59
53170;2025-06-09;78;23181;28784,7
53171;2025-06-09;78;23236;48258,17
53172;2025-06-09;75;23252;211966,38
53173;2025-06-10;34;22532;6795,38
53174;2025-06-10;15;22772;109738,43
53175;2025-06-10;73;22965;186293,86
53176;2025-06-10;38;23060;22492,16
53177;2025-06-10;50;23072;77455,96
53178;2025-06-10;25;23083;85547,29
53179;2025-06-10;1;23162;34357,19
53180;2025-06-10;42;23186;101405,88
53181;2025-06-10;5;23406;16338,71
53182;2025-06-11;76;22759;12434,24
53183;2025-06-11;8;22842;130291,02
53184;2025-06-11;8;22883;95332,92
53185;2025-06-11;2;22906;142662,81
53186;2025-06-11;64;22972;54834,85
53187;2025-06-11;65;23034;61370,94
53188;2025-06-11;3;23042;28510,96
53189;2025-06-11;57;23103;343162,18
53190;2025-06-11;66;23104;69975,23
53191;2025-06-12;60;22517;69401,88
53192;2025-06-12;29;22872;39059,32
53193;2025-06-12;13;22899;87697,5
53194;2025-06-12;32;23003;130893,8
53195;2025-06-12;36;23016;67865,11
53196;2025-06-12;10;23075;55586,13
53197;2025-06-12;37;23158;61650,73
53198;2025-06-12;32;23191;40100,7
53199;2025-06-12;75;23295;83936,61
53200;2025-06-13;54;22617;16653,92
53201;2025-06-13;11;22725;7205,04
53202;2025-06-13;48;22778;36290,37
53203;2025-06-13;15;22782;69288,66
53204;2025-06-13;16;22920;776182,2
53205;2025-06-13;7;22975;501615,59
53206;2025-06-13;79;23000;22055,32
53207;2025-06-13;73;23088;561368,46
53208;2025-06-13;2;23133;211412,75
53209;2025-06-13;47;23414;16068,32
53210;2025-06-14;48;22610;8425,41
53211;2025-06-14;40;22743;262674,54
53212;2025-06-14;59;22828;59567,86
53213;2025-06-14;64;22846;1214,41
53214;2025-06-14;1;22907;3624,61
53215;2025-06-14;34;22944;11933,58
53216;2025-06-14;4;23043;108105,36
53217;2025-06-14;9;23047;25894,57
53218;2025-06-14;68;23067;31998,86
53219;2025-06-14;65;23069;63806,85
53220;2025-06-14;49;23095;41556,48
53221;2025-06-14;23;23108;320302,91
53222;2025-06-14;32;23170;161149,13
53223;2025-06-14;78;23230;72544,25
53224;2025-06-15;62;22837;3377,61
53225;2025-06-15;74;22942;340288,51
53226;2025-06-15;69;22947;44999,17
53227;2025-06-15;73;23097;518288,06
53228;2025-06-15;38;23101;130827,52
53229;2025-06-15;12;23137;50454,86
53230;2025-06-15;78;23202;56480,1
53231;2025-06-15;5;23432;14944,63
53232;2025-06-15;47;23468;141710,55
53233;2025-06-16;55;22526;72680,12
53234;2025-06-16;48;22637;15306,54
53235;2025-06-16;31;22862;133193,0
53236;2025-06-16;30;23015;29508,1
53237;2025-06-16;4;23040;139910,17
53238;2025-06-16;63;23065;9435,16
53239;2025-06-16;49;23089;73435,79
53240;2025-06-16;23;23135;480449,19
53241;2025-06-16;38;23140;55398,25
53242;2025-06-16;80;23164;472669,65
53243;2025-06-16;19;23168;28971,41
53244;2025-06-16;75;23225;54227,29
53245;2025-06-16;27;23262;9091,36
53246;2025-06-16;69;23267;77581,05
53247;2025-06-16;32;23315;45018,37
53248;2025-06-16;28;23455;108110,49
53249;2025-06-17;13;22623;41947,35
53250;2025-06-17;31;22870;111707,87
53251;2025-06-17;7;22986;289014,89
53252;2025-06-17;52;23074;100165,88
53253;2025-06-17;23;23099;331189,9
53254;2025-06-17;2;23126;263283,69
53255;2025-06-17;56;23163;64864,44
53256;2025-06-17;50;23182;5246,77
53257;2025-06-17;9;23218;43104,78
53258;2025-06-17;77;23303;35414,7
53259;2025-06-17;42;23311;37273,35
53260;2025-06-18;53;22629;42960,79
53261;2025-06-18;20;22867;79348,71
53262;2025-06-18;3;23042;13847,43
53263;2025-06-18;64;23056;49848,51
53264;2025-06-18;79;23116;13740,23
53265;2025-06-18;3;23117;99221,37
53266;2025-06-18;65;23130;48051,88
53267;2025-06-18;38;23178;238362,17
53268;2025-06-18;50;23179;20390,16
53269;2025-06-18;46;23185;285282,18
53270;2025-06-18;78;23394;68064,88
53271;2025-06-19;8;22814;42161,91
53272;2025-06-19;12;23145;9020,98
53273;2025-06-19;71;23427;5738,64
53274;2025-06-19;69;23429;65636,52
53275;2025-06-20;45;22400;262253,5
53276;2025-06-20;26;22746;51444,99
53277;2025-06-20;64;23007;113505,96
53278;2025-06-20;67;23078;320636,55
53279;2025-06-20;67;23121;441933,18
53280;2025-06-20;66;23128;37806,8
53281;2025-06-20;31;23150;524088,28
53282;2025-06-20;58;23172;152466,7
53283;2025-06-20;19;23195;13978,24
53284;2025-06-20;50;23197;57377,77
53285;2025-06-20;37;23300;43228,73
53286;2025-06-20;33;23492;25814,64
53287;2025-06-21;44;23026;427268,72
53288;2025-06-21;8;23052;119914,53
53289;2025-06-21;61;23058;70925,71
53290;2025-06-21;17;23136;182441,44
53291;2025-06-21;6;23139;154649,85
53292;2025-06-21;12;23165;1763,04
53293;2025-06-21;76;23180;92546,02
53294;2025-06-21;38;23187;191029,71
53295;2025-06-21;78;23276;46021,88
53296;2025-06-21;77;23324;28407,68
53297;2025-06-21;41;23343;36570,85
53298;2025-06-22;60;22240;107685,01
53299;2025-06-22;11;22463;65592,05
53300;2025-06-22;16;22840;261231,01
53301;2025-06-22;39;22888;38030,12
53302;2025-06-22;20;22921;115341,39
53303;2025-06-22;24;23036;3409,12
53304;2025-06-22;56;23156;75650,73
53305;2025-06-22;69;23438;67151,77
53306;2025-06-23;62;22880;21384,72
53307;2025-06-23;59;22898;36316,54
53308;2025-06-23;30;22955;10362,52
53309;2025-06-23;7;22997;298756,29
53310;2025-06-23;67;23019;49076,18
53311;2025-06-23;52;23027;121876,24
53312;2025-06-23;42;23107;14874,32
53313;2025-06-23;80;23160;171990,61
53314;2025-06-23;38;23227;125778,92
53315;2025-06-23;50;23237;65477,76
53316;2025-06-23;33;23513;53823,63
53317;2025-06-23;47;23535;142320,97
53318;2025-06-24;15;22887;68640,42
53319;2025-06-24;20;22934;111546,95
53320;2025-06-24;73;22985;447433,37
53321;2025-06-24;7;22986;296914,62
53322;2025-06-24;49;23089;63921,95
53323;2025-06-24;23;23135;335006,44
53324;2025-06-24;44;23157;680186,74
53325;2025-06-24;3;23190;47092,74
53326;2025-06-24;21;23192;135731,03
53327;2025-06-24;10;23196;116001,45
53328;2025-06-24;80;23200;206614,59
53329;2025-06-24;17;23206;397710,35
53330;2025-06-24;21;23226;81685,12
53331;2025-06-24;25;23248;98386,77
53332;2025-06-24;77;23346;21471,4
53333;2025-06-24;14;23555;42935,92
53334;2025-06-24;14;23562;67566,16
53335;2025-06-25;60;22136;245875,2
53336;2025-06-25;24;23123;16068,33
53337;2025-06-25;16;23131;214622,95
53338;2025-06-25;37;23171;7401,72
53339;2025-06-25;4;23174;115828,5
53340;2025-06-25;78;23202;27083,34
53341;2025-06-25;76;23213;29650,28
53342;2025-06-25;42;23419;34851,72
53343;2025-06-25;71;23507;17912,42
53344;2025-06-26;11;22706;45549,79
53345;2025-06-26;18;22857;73946,12
53346;2025-06-26;62;22910;14103,28
53347;2025-06-26;59;22926;79244,23
53348;2025-06-26;39;22939;50585,88
53349;2025-06-26;2;23133;139118,6
53350;2025-06-26;16;23152;344344,97
53351;2025-06-26;58;23188;46828,44
53352;2025-06-26;56;23221;68533,42
53353;2025-06-26;23;23231;520842,76
53354;2025-06-26;50;23232;84172,07
53355;2025-06-26;66;23265;40966,79
53356;2025-06-26;63;23271;38322,67
53357;2025-06-26;2;23275;259704,26
53358;2025-06-26;1;23320;38295,57
53359;2025-06-26;33;23532;38141,44
53360;2025-06-26;14;23548;78205,9
53361;2025-06-26;28;23567;130991,29
53362;2025-06-27;18;22765;111127,1
53363;2025-06-27;34;22966;24135,75
53364;2025-06-27;34;23110;42504,3
53365;2025-06-27;8;23142;99574,28
53366;2025-06-27;56;23207;65361,42
53367;2025-06-27;56;23217;104106,86
53368;2025-06-27;70;23233;91433,87
53369;2025-06-27;66;23255;10349,31
53370;2025-06-27;23;23270;486552,5
53371;2025-06-27;3;23289;38877,5
53372;2025-06-27;12;23301;5844,24
53373;2025-06-27;14;23530;44892,62
53374;2025-06-28;74;22876;351048,65
53375;2025-06-28;59;22915;76819,5
53376;2025-06-28;39;22922;52824,13
53377;2025-06-28;30;23030;63293,43
53378;2025-06-28;52;23199;142405,21
53379;2025-06-28;22;23224;32035,31
53380;2025-06-28;76;23244;25934,48
53381;2025-06-28;9;23282;25146,8
53382;2025-06-28;31;23288;215682,24
53383;2025-06-28;27;23440;10091,79
53384;2025-06-28;14;23580;81017,22
53385;2025-06-28;5;23596;77039,28
53386;2025-06-29;30;22830;21875,15
53387;2025-06-29;18;22833;70940,5
53388;2025-06-29;48;23004;15428,91
53389;2025-06-29;44;23017;674802,1
53390;2025-06-29;68;23050;67601,5
53391;2025-06-29;73;23243;344070,81
53392;2025-06-29;23;23277;625189,17
53393;2025-06-29;56;23279;74548,76
53394;2025-06-29;12;23307;34717,98
53395;2025-06-30;15;22772;58032,62
53396;2025-06-30;18;22776;74677,99
53397;2025-06-30;73;23266;492698,62
53398;2025-06-30;38;23298;113327,67
53399;2025-06-30;5;23432;8121,68
53400;2025-07-01;60;22671;4692,38
53401;2025-07-01;41;23115;10002,57
53402;2025-07-01;17;23136;83639,43
53403;2025-07-01;75;23138;57688,05
53404;2025-07-01;76;23250;4805,3
53405;2025-07-01;73;23256;447752,8
53406;2025-07-01;46;23263;502340,89
53407;2025-07-01;57;23284;482801,8
53408;2025-07-01;23;23310;578997,23
53409;2025-07-01;41;23407;37856,44
53410;2025-07-01;69;23454;72858,69
53411;2025-07-01;28;23549;168316,26
53412;2025-07-02;11;22697;45991,99
53413;2025-07-02;34;22884;68233,56
53414;2025-07-02;34;22944;11740,62
53415;2025-07-02;4;23068;107107,07
53416;2025-07-02;29;23084;3612,2
53417;2025-07-02;6;23285;187851,21
53418;2025-07-02;57;23326;380473,66
53419;2025-07-02;14;23570;57321,13
53420;2025-07-02;14;23572;56332,41
53421;2025-07-03;20;22964;79245,7
53422;2025-07-03;59;22999;118577,86
53423;2025-07-03;39;23006;10281,33
53424;2025-07-03;52;23215;145805,32
53425;2025-07-03;25;23268;49654,85
53426;2025-07-03;63;23269;32689,83
53427;2025-07-03;25;23327;89435,67
53428;2025-07-03;25;23329;69092,79
53429;2025-07-03;46;23339;446858,81
53430;2025-07-03;21;23341;93519,75
53431;2025-07-03;22;23348;14476,19
53432;2025-07-04;55;22558;18220,95
53433;2025-07-04;59;22898;25129,69
53434;2025-07-04;62;22984;71297,33
53435;2025-07-04;58;23283;285876,32
53436;2025-07-04;25;23297;47423,51
53437;2025-07-04;73;23313;398112,87
53438;2025-07-04;5;23598;24164,4
53439;2025-07-04;14;23634;89665,42
53440;2025-07-04;28;23637;60057,29
53441;2025-07-05;55;22192;13521,44
53442;2025-07-05;15;22977;71276,32
53443;2025-07-05;44;23146;650098,96
53444;2025-07-05;29;23169;48322,33
53445;2025-07-05;44;23249;708299,45
53446;2025-07-05;32;23382;224276,29
53447;2025-07-05;37;23415;21490,58
53448;2025-07-05;47;23663;124540,24
53449;2025-07-06;67;23019;69005,73
53450;2025-07-06;23;23099;167336,56
53451;2025-07-06;7;23141;379527,42
53452;2025-07-06;58;23188;64345,27
53453;2025-07-06;4;23189;115275,91
53454;2025-07-06;68;23273;23366,7
53455;2025-07-06;10;23308;44213,25
53456;2025-07-06;23;23316;922581,33
53457;2025-07-06;12;23328;4462,21
53458;2025-07-06;66;23367;66517,33
53459;2025-07-06;22;23368;5160,52
53460;2025-07-06;5;23406;17807,63
53461;2025-07-06;69;23456;96348,94
53462;2025-07-06;28;23646;205362,7
53463;2025-07-07;20;23020;62259,15
53464;2025-07-07;39;23022;42201,73
53465;2025-07-07;20;23028;115792,73
53466;2025-07-07;4;23040;89694,42
53467;2025-07-07;20;23041;204149,59
53468;2025-07-07;4;23113;122726,32
53469;2025-07-07;13;23173;46576,58
53470;2025-07-07;56;23207;44067,14
53471;2025-07-07;12;23325;35717,03
53472;2025-07-07;2;23332;146129,52
53473;2025-07-07;57;23353;321778,41
53474;2025-07-07;19;23365;19541,34
53475;2025-07-07;38;23375;219666,17
53476;2025-07-07;33;23692;25404,84
53477;2025-07-08;18;22982;140874,02
53478;2025-07-08;30;23015;27965,84
53479;2025-07-08;20;23077;69428,15
53480;2025-07-08;12;23145;12065,39
53481;2025-07-08;29;23235;74717,59
53482;2025-07-08;52;23241;66736,25
53483;2025-07-08;64;23242;115390,34
53484;2025-07-08;52;23296;140685,73
53485;2025-07-08;63;23322;18511,52
53486;2025-07-08;17;23323;545171,72
53487;2025-07-08;10;23354;45585,24
53488;2025-07-08;58;23363;303132,11
53489;2025-07-08;46;23364;267237,67
53490;2025-07-08;1;23439;51364,36
53491;2025-07-08;47;23648;87327,31
53492;2025-07-08;28;23711;282011,26
53493;2025-07-09;60;22566;98112,84
53494;2025-07-09;15;22887;68556,14
53495;2025-07-09;26;23102;46848,29
53496;2025-07-09;62;23105;58337,49
53497;2025-07-09;51;23211;66915,08
53498;2025-07-09;30;23222;50061,52
53499;2025-07-09;52;23257;88309,41
53500;2025-07-09;7;23260;486821,18
53501;2025-07-09;44;23264;316625,73
53502;2025-07-09;70;23314;5335,02
53503;2025-07-09;9;23330;41322,31
53504;2025-07-09;46;23371;109412,65
53505;2025-07-09;69;23435;49950,44
53506;2025-07-09;5;23689;92072,45
53507;2025-07-09;71;23704;29992,6
53508;2025-07-09;14;23713;84510,54
53509;2025-07-10;60;22821;55154,31
53510;2025-07-10;20;22867;65991,78
53511;2025-07-10;48;23024;38729,53
53512;2025-07-10;11;23079;19612,25
53513;2025-07-10;50;23179;17272,07
53514;2025-07-10;66;23255;14845,55
53515;2025-07-10;61;23291;23648,66
53516;2025-07-10;76;23351;88599,97
53517;2025-07-10;21;23370;91888,17
53518;2025-07-10;70;23397;68332,07
53519;2025-07-10;56;23399;84382,24
53520;2025-07-10;9;23474;39225,91
53521;2025-07-10;33;23698;85266,33
53522;2025-07-11;20;23059;59025,43
53523;2025-07-11;24;23286;110409,6
53524;2025-07-11;46;23386;418888,7
53525;2025-07-11;31;23398;144653,47
53526;2025-07-11;63;23425;22642,04
53527;2025-07-11;42;23577;18935,38
53528;2025-07-11;41;23586;28795,06
53529;2025-07-12;39;23124;85003,38
53530;2025-07-12;40;23159;571526,68
53531;2025-07-12;37;23171;4906,74
53532;2025-07-12;44;23209;593744,37
53533;2025-07-12;61;23254;45001,5
53534;2025-07-12;37;23318;9024,3
53535;2025-07-12;49;23402;15251,76
53536;2025-07-12;22;23405;28134,4
53537;2025-07-12;63;23409;22462,92
53538;2025-07-12;49;23436;67382,6
53539;2025-07-12;69;23497;66316,52
53540;2025-07-12;28;23699;123833,74
53541;2025-07-13;54;22519;41204,94
53542;2025-07-13;18;23012;139682,23
53543;2025-07-13;52;23166;155053,96
53544;2025-07-13;4;23174;97916,53
53545;2025-07-13;50;23404;22873,74
53546;2025-07-13;63;23412;38652,28
53547;2025-07-13;2;23437;258287,17
53548;2025-07-13;9;23503;32913,06
53549;2025-07-13;33;23730;58488,12
53550;2025-07-14;55;22651;19931,53
53551;2025-07-14;20;23020;83568,95
53552;2025-07-14;62;23085;33932,73
53553;2025-07-14;15;23125;106522,07
53554;2025-07-14;57;23408;302393,66
53555;2025-07-14;80;23447;325272,35
53556;2025-07-14;1;23483;15349,57
53557;2025-07-14;70;23485;60543,4
53558;2025-07-14;32;23541;67559,96
53559;2025-07-14;42;23558;75099,86
53560;2025-07-14;14;23683;36945,36
53561;2025-07-14;33;23750;14304,48
53562;2025-07-14;71;23762;33897,23
53563;2025-07-15;48;23004;16895,33
53564;2025-07-15;16;23131;237911,06
53565;2025-07-15;12;23165;1814,04
53566;2025-07-15;76;23378;7305,74
53567;2025-07-15;58;23445;209485,09
53568;2025-07-15;63;23449;45257,19
53569;2025-07-15;71;23727;20495,84
53570;2025-07-16;74;22615;145394,1
53571;2025-07-16;48;23096;35103,45
53572;2025-07-16;26;23114;60010,42
53573;2025-07-16;6;23139;73691,29
53574;2025-07-16;8;23299;205237,25
53575;2025-07-16;7;23331;612682,68
53576;2025-07-16;6;23410;304118,34
53577;2025-07-16;72;23418;16482,94
53578;2025-07-16;35;23434;199535,59
53579;2025-07-16;70;23469;53877,28
53580;2025-07-16;32;23590;19962,44
53581;2025-07-16;75;23628;153591,39
53582;2025-07-16;33;23692;14448,17
53583;2025-07-16;14;23715;34443,64
53584;2025-07-16;47;23726;171041,62
53585;2025-07-17;55;22581;9543,02
53586;2025-07-17;45;22852;50644,43
53587;2025-07-17;24;23123;18814,37
53588;2025-07-17;16;23152;232488,51
53589;2025-07-17;61;23247;84103,49
53590;2025-07-17;66;23265;21235,04
53591;2025-07-17;4;23369;147202,96
53592;2025-07-17;67;23400;218269,5
53593;2025-07-17;80;23426;611063,24
53594;2025-07-17;76;23433;184461,61
53595;2025-07-17;43;23441;36485,92
53596;2025-07-17;42;23589;52279,28
53597;2025-07-17;14;23741;52140,0
53598;2025-07-18;13;23039;63822,82
53599;2025-07-18;13;23062;31547,33
53600;2025-07-18;20;23129;144771,27
53601;2025-07-18;62;23132;49107,93
53602;2025-07-18;68;23355;26114,51
53603;2025-07-18;61;23356;85995,84
53604;2025-07-18;56;23428;97935,25
53605;2025-07-18;46;23463;64217,77
53606;2025-07-18;43;23501;10640,47
53607;2025-07-19;15;22977;59508,42
53608;2025-07-19;21;23442;78930,64
53609;2025-07-19;79;23471;25405,82
53610;2025-07-19;3;23476;37631,46
53611;2025-07-19;33;23751;109949,99
53612;2025-07-20;39;23149;87004,48
53613;2025-07-20;52;23241;88189,48
53614;2025-07-20;68;23245;45327,81
53615;2025-07-20;52;23246;34101,22
53616;2025-07-20;68;23273;10319,3
53617;2025-07-20;44;23372;636540,22
53618;2025-07-20;64;23376;62110,48
53619;2025-07-20;35;23452;343634,8
53620;2025-07-20;79;23466;45320,52
53621;2025-07-20;72;23514;71860,83
53622;2025-07-21;48;23151;28415,97
53623;2025-07-21;80;23200;165278,38
53624;2025-07-21;31;23446;416184,24
53625;2025-07-21;76;23459;65435,86
53626;2025-07-21;66;23465;73896,23
53627;2025-07-21;79;23506;45817,2
53628;2025-07-21;10;23509;107295,33
53629;2025-07-21;47;23745;118865,14
53630;2025-07-22;18;22971;59017,5
53631;2025-07-22;44;23264;321414,73
53632;2025-07-22;30;23287;37416,8
53633;2025-07-22;16;23423;422206,04
53634;2025-07-22;21;23462;14542,06
53635;2025-07-22;73;23473;607338,3
53636;2025-07-22;66;23487;30132,64
53637;2025-07-22;46;23493;282816,22
53638;2025-07-22;79;23522;93349,36
53639;2025-07-22;41;23695;19632,02
53640;2025-07-22;47;23794;132376,43
53641;2025-07-23;59;23220;98876,02
53642;2025-07-23;8;23384;49776,33
53643;2025-07-23;19;23511;18273,09
53644;2025-07-23;63;23518;24697,62
53645;2025-07-23;2;23545;329759,34
53646;2025-07-23;41;23640;32487,7
53647;2025-07-23;33;23790;11349,89
53648;2025-07-24;11;22748;16550,63
53649;2025-07-24;53;22954;97269,15
53650;2025-07-24;18;22982;109284,28
53651;2025-07-24;18;23111;106620,17
53652;2025-07-24;34;23240;11652,88
53653;2025-07-24;7;23359;444099,35
53654;2025-07-24;52;23467;125812,32
53655;2025-07-24;31;23488;296345,98
53656;2025-07-24;43;23527;32016,93
53657;2025-07-24;65;23547;73521,63
53658;2025-07-24;22;23565;22990,28
53659;2025-07-24;28;23850;63823,42
53660;2025-07-25;45;22995;66086,39
53661;2025-07-25;62;23261;48732,63
53662;2025-07-25;24;23344;60141,55
53663;2025-07-25;46;23515;204739,83
53664;2025-07-25;72;23566;79286,69
53665;2025-07-25;27;23662;60931,12
53666;2025-07-26;60;22671;6811,82
53667;2025-07-26;63;23505;22791,26
53668;2025-07-26;43;23529;47609,96
53669;2025-07-26;23;23539;510534,63
53670;2025-07-26;32;23590;27829,02
53671;2025-07-26;41;23719;18274,79
53672;2025-07-26;78;23728;101080,95
53673;2025-07-27;55;22620;5713,8
53674;2025-07-27;53;22660;28938,59
53675;2025-07-27;54;22715;54953,62
53676;2025-07-27;18;23120;92927,58
53677;2025-07-27;74;23147;193705,47
53678;2025-07-27;44;23379;656054,4
53679;2025-07-27;67;23495;226000,27
53680;2025-07-27;76;23579;53385,38
53681;2025-07-27;19;23587;67605,89
53682;2025-07-28;53;23057;41250,91
53683;2025-07-28;11;23210;30550,31
53684;2025-07-28;45;23321;161853,06
53685;2025-07-28;45;23350;183392,37
53686;2025-07-28;64;23377;121937,95
53687;2025-07-28;63;23526;20270,6
53688;2025-07-28;22;23540;13719,13
53689;2025-07-28;2;23543;267531,89
53690;2025-07-28;10;23552;127821,4
53691;2025-07-28;12;23568;22209,0
53692;2025-07-28;6;23582;530442,8
53693;2025-07-28;73;23583;420974,02
53694;2025-07-28;23;23585;726951,1
53695;2025-07-28;17;23592;268680,07
53696;2025-07-28;65;23606;108205,39
53697;2025-07-28;75;23669;101128,11
53698;2025-07-28;42;23702;57950,35
53699;2025-07-28;75;23752;181114,64
53700;2025-07-28;33;23814;10576,87
53701;2025-07-28;14;23851;41742,94
53702;2025-07-29;60;22799;62513,46
53703;2025-07-29;62;23302;17091,93
53704;2025-07-29;64;23345;65783,31
53705;2025-07-29;1;23477;15017,37
53706;2025-07-29;68;23486;199395,16
53707;2025-07-29;66;23528;55492,57
53708;2025-07-29;23;23550;418178,75
53709;2025-07-29;46;23559;164997,72
53710;2025-07-29;58;23561;265582,97
53711;2025-07-29;12;23578;12434,93
53712;2025-07-30;48;23272;50966,98
53713;2025-07-30;62;23292;73990,71
53714;2025-07-30;20;23294;180806,95
53715;2025-07-30;15;23304;158744,18
53716;2025-07-30;15;23312;84030,99
53717;2025-07-30;61;23362;96269,85
53718;2025-07-30;74;23387;198156,15
53719;2025-07-30;51;23457;132672,44
53720;2025-07-30;43;23542;13373,4
53721;2025-07-30;63;23546;19803,16
53722;2025-07-31;60;22788;160706,88
53723;2025-07-31;60;23011;87815,77
53724;2025-07-31;18;23106;105457,73
53725;2025-07-31;39;23306;7985,18
53726;2025-07-31;39;23309;68637,09
53727;2025-07-31;44;23366;776902,11
53728;2025-07-31;64;23388;77595,4
53729;2025-07-31;7;23461;527752,32
53730;2025-07-31;17;23553;584236,68
53731;2025-07-31;79;23556;14643,42
53732;2025-07-31;35;23557;278325,05
53733;2025-07-31;73;23574;541365,21
53734;2025-07-31;57;23584;191187,65
53735;2025-07-31;1;23599;15710,56
53736;2025-07-31;6;23605;328131,66
53737;2025-07-31;23;23617;517236,32
53738;2025-07-31;28;23900;128439,76
53739;2025-07-31;47;23930;127844,96
53740;2025-08-01;24;23395;46738,96
53741;2025-08-01;40;23531;618083,39
53742;2025-08-01;3;23593;72357,29
53743;2025-08-01;76;23600;38617,35
53744;2025-08-01;57;23612;62879,17
53745;2025-08-01;32;23707;134282,6
53746;2025-08-01;47;23909;38427,21
53747;2025-08-02;39;23305;104931,72
53748;2025-08-02;26;23337;22875,71
53749;2025-08-02;52;23381;249338,43
53750;2025-08-02;52;23403;138068,49
53751;2025-08-02;67;23411;225818,53
53752;2025-08-02;46;23463;41865,87
53753;2025-08-02;67;23500;279433,64
53754;2025-08-02;3;23575;55950,55
53755;2025-08-02;57;23591;321758,0
53756;2025-08-02;31;23615;181791,52
53757;2025-08-02;78;23700;68561,71
53758;2025-08-03;55;22503;53409,67
53759;2025-08-03;20;23059;43550,11
53760;2025-08-03;26;23183;18616,06
53761;2025-08-03;29;23504;83977,94
53762;2025-08-03;64;23534;74917,06
53763;2025-08-03;7;23544;545983,17
53764;2025-08-03;22;23565;16344,12
53765;2025-08-03;79;23594;26203,86
53766;2025-08-03;65;23602;50468,16
53767;2025-08-03;1;23620;72751,66
53768;2025-08-03;43;23621;40205,09
53769;2025-08-03;46;23631;303599,26
53770;2025-08-03;17;23632;260643,2
53771;2025-08-03;72;23652;69080,02
53772;2025-08-03;78;23799;46837,41
53773;2025-08-04;55;22783;47014,83
53774;2025-08-04;54;23148;57152,67
53775;2025-08-04;54;23161;55860,21
53776;2025-08-04;19;23365;10435,62
53777;2025-08-04;67;23400;175058,63
53778;2025-08-04;67;23401;411120,3
53779;2025-08-04;72;23418;18153,44
53780;2025-08-04;19;23613;92731,33
53781;2025-08-04;28;23946;160013,51
53782;2025-08-04;14;23972;51880,21
53783;2025-08-05;18;23203;133933,9
53784;2025-08-05;52;23396;157423,75
53785;2025-08-05;31;23611;218530,73
53786;2025-08-05;73;23670;553780,49
53787;2025-08-05;58;23691;151988,48
53788;2025-08-05;41;23812;15746,84
53789;2025-08-06;54;23098;10832,36
53790;2025-08-06;11;23357;15794,57
53791;2025-08-06;44;23431;408996,5
53792;2025-08-06;16;23460;276972,52
53793;2025-08-06;21;23462;15840,6
53794;2025-08-06;12;23578;13746,27
53795;2025-08-06;37;23609;97723,5
53796;2025-08-06;12;23659;18063,52
53797;2025-08-06;32;23769;53285,37
53798;2025-08-06;42;23803;68853,75
53799;2025-08-06;75;23845;108198,16
53800;2025-08-06;78;23858;35718,38
53801;2025-08-06;69;23905;114704,95
53802;2025-08-07;18;23194;126142,44
53803;2025-08-07;15;23334;228140,19
53804;2025-08-07;48;23361;34494,34
53805;2025-08-07;39;23373;46628,19
53806;2025-08-07;15;23393;71148,86
53807;2025-08-07;44;23537;517812,32
53808;2025-08-07;22;23619;95852,37
53809;2025-08-07;12;23625;36074,44
53810;2025-08-07;35;23629;143125,93
53811;2025-08-07;73;23630;280228,41
53812;2025-08-07;79;23681;20493,9
53813;2025-08-07;49;23682;6611,25
53814;2025-08-07;3;23712;43932,05
53815;2025-08-07;65;23758;26584,64
53816;2025-08-07;71;23967;14334,2
53817;2025-08-08;18;23239;176476,48
53818;2025-08-08;62;23374;85752,51
53819;2025-08-08;44;23479;170600,88
53820;2025-08-08;42;23577;12085,77
53821;2025-08-08;9;23651;12048,0
53822;2025-08-08;35;23722;85225,99
53823;2025-08-08;70;23763;68918,86
53824;2025-08-08;42;23802;94883,1
53825;2025-08-08;42;23834;97800,55
53826;2025-08-08;5;23981;74167,91
53827;2025-08-09;18;22971;60919,14
53828;2025-08-09;39;23338;22751,39
53829;2025-08-09;15;23424;78285,4
53830;2025-08-09;36;23444;219944,34
53831;2025-08-09;61;23470;46935,28
53832;2025-08-09;44;23516;517451,27
53833;2025-08-09;66;23679;25473,73
53834;2025-08-09;33;23790;12586,17
53835;2025-08-09;77;23863;48399,57
53836;2025-08-09;75;23867;42660,91
53837;2025-08-09;27;23869;18758,52
53838;2025-08-10;74;23147;94560,41
53839;2025-08-10;68;23245;35088,99
53840;2025-08-10;26;23389;35030,1
53841;2025-08-10;68;23560;63052,0
53842;2025-08-10;70;23595;22890,72
53843;2025-08-10;16;23633;324100,44
53844;2025-08-10;38;23656;364038,15
53845;2025-08-10;50;23657;99566,25
53846;2025-08-10;46;23680;238309,68
53847;2025-08-10;6;23694;486665,85
53848;2025-08-10;19;23718;51791,9
53849;2025-08-10;1;23724;39186,42
53850;2025-08-10;75;23840;113391,79
53851;2025-08-11;60;22598;123343,93
53852;2025-08-11;53;22660;36260,32
53853;2025-08-11;18;23208;145528,59
53854;2025-08-11;11;23216;27837,18
53855;2025-08-11;20;23413;196143,93
53856;2025-08-11;30;23607;68710,33
53857;2025-08-11;30;23626;45798,33
53858;2025-08-11;80;23661;272010,3
53859;2025-08-11;38;23685;189217,79
53860;2025-08-11;57;23687;335834,72
53861;2025-08-11;17;23703;380078,53
53862;2025-08-11;9;23714;26997,75
53863;2025-08-11;1;23716;30055,57
53864;2025-08-11;21;23725;84702,04
53865;2025-08-11;76;23729;29912,77
53866;2025-08-11;33;23750;14700,55
53867;2025-08-11;27;23849;27360,96
53868;2025-08-11;75;23892;91189,88
53869;2025-08-12;15;23392;106497,37
53870;2025-08-12;24;23494;43858,56
53871;2025-08-12;30;23647;90659,54
53872;2025-08-12;14;23715;50972,14
53873;2025-08-12;57;23744;317768,44
53874;2025-08-12;32;23788;172933,21
53875;2025-08-12;41;23812;12167,94
53876;2025-08-13;62;23261;36496,08
53877;2025-08-13;62;23380;47318,6
53878;2025-08-13;48;23417;79697,77
53879;2025-08-13;43;23441;22003,74
53880;2025-08-13;68;23481;19008,52
53881;2025-08-13;1;23653;52572,16
53882;2025-08-13;35;23710;425351,66
53883;2025-08-13;22;23754;43105,67
53884;2025-08-13;17;23755;73567,84
53885;2025-08-13;42;23908;52275,44
53886;2025-08-13;32;23922;142478,94
53887;2025-08-14;26;22979;85823,92
53888;2025-08-14;36;23390;86858,72
53889;2025-08-14;34;23464;92139,85
53890;2025-08-14;8;23576;104298,39
53891;2025-08-14;57;23612;34908,64
53892;2025-08-14;51;23638;4867,95
53893;2025-08-14;58;23723;213733,79
53894;2025-08-14;66;23739;36617,56
53895;2025-08-15;34;23177;115811,35
53896;2025-08-15;9;23672;43894,21
53897;2025-08-15;66;23743;10758,75
53898;2025-08-15;73;23775;349865,7
53899;2025-08-15;65;23822;79986,73
53900;2025-08-15;32;23830;135915,38
53901;2025-08-15;27;23883;2488,62
53902;2025-08-16;55;22803;1794,08
53903;2025-08-16;34;23569;79522,53
53904;2025-08-16;29;23686;36925,74
53905;2025-08-16;56;23780;54606,32
53906;2025-08-16;5;24021;47321,24
53907;2025-08-17;26;23183;27733,55
53908;2025-08-17;24;23395;24553,47
53909;2025-08-17;59;23416;71724,72
53910;2025-08-17;20;23484;196649,01
53911;2025-08-17;66;23487;23033,86
53912;2025-08-17;68;23519;78407,0
53913;2025-08-17;36;23644;120762,9
53914;2025-08-17;30;23645;19293,29
53915;2025-08-17;30;23649;131934,76
53916;2025-08-17;64;23658;80628,94
53917;2025-08-17;3;23736;79898,46
53918;2025-08-17;56;23772;7043,69
53919;2025-08-17;17;23773;334160,24
53920;2025-08-17;80;23782;321365,86
53921;2025-08-17;5;24068;38991,84
53922;2025-08-17;14;24089;70755,27
53923;2025-08-18;19;23511;18157,68
53924;2025-08-18;24;23588;85942,47
53925;2025-08-18;16;23622;407030,57
53926;2025-08-18;12;23740;63394,74
53927;2025-08-18;56;23778;69820,96
53928;2025-08-18;1;23779;4061,46
53929;2025-08-18;42;23915;28922,43
53930;2025-08-18;27;23932;58809,11
53931;2025-08-19;59;23478;33416,8
53932;2025-08-19;11;23510;42169,46
53933;2025-08-19;65;23602;22757,03
53934;2025-08-19;35;23629;147937,08
53935;2025-08-19;47;24041;168995,82
53936;2025-08-19;28;24046;72082,93
53937;2025-08-19;47;24047;12774,88
53938;2025-08-20;45;22914;149667,98
53939;2025-08-20;18;23349;118151,29
53940;2025-08-20;62;23521;86029,01
53941;2025-08-20;52;23660;92672,72
53942;2025-08-20;68;23676;13434,32
53943;2025-08-20;68;23693;115921,93
53944;2025-08-20;64;23748;61267,46
53945;2025-08-20;73;23784;577179,78
53946;2025-08-20;50;23787;26192,48
53947;2025-08-20;49;23801;22753,45
53948;2025-08-20;49;23809;47024,5
53949;2025-08-20;50;23816;47192,1
53950;2025-08-20;12;23819;29069,65
53951;2025-08-20;76;23823;19016,01
53952;2025-08-20;80;23833;625807,17
53953;2025-08-21;39;23458;66221,68
53954;2025-08-21;56;23756;52128,85
53955;2025-08-21;32;23769;56863,12
53956;2025-08-21;63;23796;32650,54
53957;2025-08-21;72;23800;72848,95
53958;2025-08-21;21;23806;72245,41
53959;2025-08-21;75;23927;121304,09
53960;2025-08-21;42;23951;51985,57
53961;2025-08-22;67;23411;128734,48
53962;2025-08-22;48;23480;4259,87
53963;2025-08-22;62;23482;5174,36
53964;2025-08-22;59;23496;73079,94
53965;2025-08-22;52;23571;125965,49
53966;2025-08-22;44;23603;628541,52
53967;2025-08-22;8;23643;219366,67
53968;2025-08-22;49;23682;8743,83
53969;2025-08-22;52;23746;110845,34
53970;2025-08-22;80;23768;362667,96
53971;2025-08-22;34;23776;29738,26
53972;2025-08-22;17;23821;304994,65
53973;2025-08-22;56;23835;78115,74
53974;2025-08-22;66;23846;134690,05
53975;2025-08-22;75;23955;83607,36
53976;2025-08-22;71;24143;24386,28
53977;2025-08-23;60;22892;55129,02
53978;2025-08-23;64;23345;39552,19
53979;2025-08-23;39;23525;54606,5
53980;2025-08-23;15;23536;33276,46
53981;2025-08-23;1;23599;12796,65
53982;2025-08-23;44;23623;656411,07
53983;2025-08-23;79;23789;8440,2
53984;2025-08-23;63;23793;47124,39
53985;2025-08-23;31;23842;291692,77
53986;2025-08-23;78;23986;11805,2
53987;2025-08-23;14;24091;82451,83
53988;2025-08-23;5;24092;48981,09
53989;2025-08-23;71;24127;5169,78
53990;2025-08-24;62;23502;56287,75
53991;2025-08-24;39;23573;18505,05
53992;2025-08-24;52;23604;137756,19
53993;2025-08-24;11;23639;14038,63
53994;2025-08-24;7;23690;543226,63
53995;2025-08-24;7;23732;430034,35
53996;2025-08-24;68;23734;107143,06
53997;2025-08-24;38;23805;57205,79
53998;2025-08-24;70;23929;79653,93
53999;2025-08-24;14;24089;35953,58
54000;2025-08-24;71;24106;65239,17
54001;2025-08-24;14;24134;70216,91
54002;2025-08-24;5;24166;134395,09
54003;2025-08-25;48;23554;12882,76
54004;2025-08-25;30;23597;16530,2
54005;2025-08-25;76;23600;35285,31
54006;2025-08-25;44;23753;469676,22
54007;2025-08-25;38;23862;78568,18
54008;2025-08-25;75;23971;114143,23
54009;2025-08-25;5;24068;34725,07
54010;2025-08-25;69;24095;29813,2
54011;2025-08-26;62;23523;72811,22
54012;2025-08-26;68;23664;87470,8
54013;2025-08-26;58;23825;145592,72
54014;2025-08-26;31;23829;371455,71
54015;2025-08-26;6;23860;154100,35
54016;2025-08-26;6;23871;335298,75
54017;2025-08-27;26;23212;64401,74
54018;2025-08-27;26;23278;80303,3
54019;2025-08-27;18;23319;151925,55
54020;2025-08-27;8;23655;185840,61
54021;2025-08-27;22;23815;27740,78
54022;2025-08-27;50;23817;92328,02
54023;2025-08-27;22;23879;76593,98
54024;2025-08-27;37;23881;75158,06
54025;2025-08-27;69;23992;73332,77
54026;2025-08-27;42;24001;15163,03
54027;2025-08-27;42;24032;78283,38
54028;2025-08-27;75;24038;102268,97
54029;2025-08-27;5;24139;61923,17
54030;2025-08-28;26;23337;12785,94
54031;2025-08-28;4;23642;26725,35
54032;2025-08-28;3;23712;20055,4
54033;2025-08-28;67;23774;352709,6
54034;2025-08-28;76;23868;25615,82
54035;2025-08-28;50;23876;6603,79
54036;2025-08-28;57;23898;255920,11
54037;2025-08-28;10;23904;99922,95
54038;2025-08-28;23;23911;182543,31
54039;2025-08-28;3;23918;29056,43
54040;2025-08-29;55;22843;18981,63
54041;2025-08-29;53;22940;65051,76
54042;2025-08-29;15;23551;109039,95
54043;2025-08-29;39;23563;75708,09
54044;2025-08-29;48;23610;9143,67
54045;2025-08-29;40;23650;463554,03
54046;2025-08-29;44;23731;257056,74
54047;2025-08-29;73;23775;408810,89
54048;2025-08-29;56;23778;60038,82
54049;2025-08-29;68;23786;154698,63
54050;2025-08-29;70;23820;38502,59
54051;2025-08-29;22;23836;13951,95
54052;2025-08-29;46;23853;354437,35
54053;2025-08-29;31;23854;412463,33
54054;2025-08-29;21;23875;64721,93
54055;2025-08-29;56;23880;38619,81
54056;2025-08-29;71;24157;52030,92
54057;2025-08-29;28;24178;64888,02
54058;2025-08-30;53;22895;12806,89
54059;2025-08-30;45;22914;78905,77
54060;2025-08-30;29;23666;27630,84
54061;2025-08-30;16;23671;924480,31
54062;2025-08-30;34;23766;15194,8
54063;2025-08-30;34;23776;19318,71
54064;2025-08-30;7;23839;707462,39
54065;2025-08-30;9;23855;62295,65
54066;2025-08-30;37;23957;42100,52
54067;2025-08-30;42;24056;115956,31
54068;2025-08-30;33;24153;118588,38
54069;2025-08-30;71;24160;22444,85
54070;2025-08-31;60;22878;128174,24
54071;2025-08-31;44;23479;138179,17
54072;2025-08-31;18;23498;145916,98
54073;2025-08-31;24;23668;84372,83
54074;2025-08-31;44;23673;457229,6
54075;2025-08-31;34;23738;51716,54
54076;2025-08-31;64;23783;73046,6
54077;2025-08-31;76;23917;69519,12
54078;2025-08-31;27;24066;16054,8
54079;2025-08-31;47;24185;91564,64
54080;2025-09-01;54;23009;28121,34
54081;2025-09-01;54;23333;16363,24
54082;2025-09-01;36;23430;158719,83
54083;2025-09-01;48;23581;36666,82
54084;2025-09-01;20;23627;182965,45
54085;2025-09-01;46;23631;139388,86
54086;2025-09-01;49;23801;12899,03
54087;2025-09-01;29;23818;68122,58
54088;2025-09-01;46;23861;230362,17
54089;2025-09-01;65;23865;73680,78
54090;2025-09-01;37;23934;42570,67
54091;2025-09-01;28;24187;20560,65
54092;2025-09-02;11;23383;11106,31
54093;2025-09-02;18;23453;138286,38
54094;2025-09-02;30;23597;8387,52
54095;2025-09-02;74;23667;297164,28
54096;2025-09-02;44;23781;305403,63
54097;2025-09-02;44;23874;457612,75
54098;2025-09-02;70;23895;51215,02
54099;2025-09-02;23;23925;603151,17
54100;2025-09-02;19;23944;67393,77
54101;2025-09-02;73;23950;381067,25
54102;2025-09-02;76;23952;72744,4
54103;2025-09-02;31;23953;519192,48
54104;2025-09-02;21;23954;97047,96
54105;2025-09-02;66;23959;50574,66
54106;2025-09-02;47;24047;18663,06
54107;2025-09-02;75;24049;78846,02
54108;2025-09-03;60;23037;240819,03
54109;2025-09-03;20;23677;83811,66
54110;2025-09-03;30;23709;38143,84
54111;2025-09-03;56;23891;49652,25
54112;2025-09-03;38;23896;77595,61
54113;2025-09-03;23;23903;493527,12
54114;2025-09-03;73;23933;547856,67
54115;2025-09-03;2;23941;281787,19
54116;2025-09-03;65;23948;164679,43
54117;2025-09-03;70;23973;92340,22
54118;2025-09-03;5;24195;41646,06
54119;2025-09-03;28;24239;118116,19
54120;2025-09-04;16;23856;412629,65
54121;2025-09-04;72;23901;85710,54
54122;2025-09-04;12;23938;66828,15
54123;2025-09-04;72;23943;47158,29
54124;2025-09-04;31;23962;528749,21
54125;2025-09-04;50;23988;83910,25
54126;2025-09-04;32;24071;10014,88
54127;2025-09-04;14;24209;111477,89
54128;2025-09-04;14;24240;108790,83
54129;2025-09-05;55;23228;37235,37
54130;2025-09-05;11;23420;21879,3
54131;2025-09-05;44;23537;323950,11
54132;2025-09-05;39;23563;61419,55
54133;2025-09-05;35;23722;76846,17
54134;2025-09-05;40;23735;522679,91
54135;2025-09-05;4;23785;103637,33
54136;2025-09-05;40;23813;650841,18
54137;2025-09-05;37;23884;83290,18
54138;2025-09-05;8;23888;109412,43
54139;2025-09-05;22;23920;68544,42
54140;2025-09-05;12;23945;22066,88
54141;2025-09-05;22;23974;57193,78
54142;2025-09-05;32;24079;36950,65
54143;2025-09-05;71;24262;6335,03
54144;2025-09-06;45;23701;105951,89
54145;2025-09-06;32;23830;126840,64
54146;2025-09-06;37;23873;24851,59
54147;2025-09-06;46;23928;144896,27
54148;2025-09-06;35;23960;279245,16
54149;2025-09-06;19;23970;47952,32
54150;2025-09-06;34;23976;70540,48
54151;2025-09-06;37;24020;55652,48
54152;2025-09-06;5;24279;64371,57
54153;2025-09-07;16;23889;535166,4
54154;2025-09-07;63;23939;58705,35
54155;2025-09-07;63;23979;6423,21
54156;2025-09-07;43;23982;24738,31
54157;2025-09-07;72;23994;75454,25
54158;2025-09-07;31;24000;381446,1
54159;2025-09-07;42;24105;10645,92
54160;2025-09-08;30;23645;14926,74
54161;2025-09-08;59;23678;28076,0
54162;2025-09-08;44;23811;430352,89
54163;2025-09-08;30;23894;36840,64
54164;2025-09-08;21;23936;69263,02
54165;2025-09-08;12;23947;10706,66
54166;2025-09-08;37;23997;19853,48
54167;2025-09-08;71;24292;37510,17
54168;2025-09-09;62;23674;39691,28
54169;2025-09-09;36;23688;189432,27
54170;2025-09-09;17;23755;88664,33
54171;2025-09-09;4;23808;59848,61
54172;2025-09-09;61;23844;30426,04
54173;2025-09-09;19;23980;53740,44
54174;2025-09-09;6;23995;395940,31
54175;2025-09-09;66;23996;57757,74
54176;2025-09-09;42;24125;40220,67
54177;2025-09-09;75;24132;129192,59
54178;2025-09-09;33;24260;48574,4
54179;2025-09-09;33;24319;61413,41
54180;2025-09-10;11;23443;22042,96
54181;2025-09-10;18;23524;24065,28
54182;2025-09-10;62;23696;144963,88
54183;2025-09-10;62;23717;34547,22
54184;2025-09-10;68;23859;86887,3
54185;2025-09-10;70;23912;73641,25
54186;2025-09-10;40;23921;652471,16
54187;2025-09-10;30;23926;66519,31
54188;2025-09-10;76;23965;25814,74
54189;2025-09-10;31;23966;352045,73
54190;2025-09-10;9;23985;79490,73
54191;2025-09-10;50;24007;21178,37
54192;2025-09-10;58;24011;246945,28
54193;2025-09-10;12;24037;21612,35
54194;2025-09-11;26;23448;13439,85
54195;2025-09-11;30;23795;19052,77
54196;2025-09-11;7;23807;505659,23
54197;2025-09-11;70;23820;29733,31
54198;2025-09-11;52;23907;114502,6
54199;2025-09-11;24;23913;41484,46
54200;2025-09-11;63;23968;19327,56
54201;2025-09-11;49;23989;35461,37
54202;2025-09-11;25;24002;32353,5
54203;2025-09-11;73;24040;501768,89
54204;2025-09-11;57;24045;378034,61
54205;2025-09-11;65;24117;70346,87
54206;2025-09-11;42;24135;45550,6
54207;2025-09-11;42;24171;152251,3
54208;2025-09-11;32;24181;158309,23
54209;2025-09-12;54;23618;25819,05
54210;2025-09-12;44;23792;522266,7
54211;2025-09-12;65;23958;53932,16
54212;2025-09-12;25;24027;6029,34
54213;2025-09-12;46;24029;142819,72
54214;2025-09-12;70;24036;69739,03
54215;2025-09-12;41;24203;25468,02
54216;2025-09-12;14;24329;70530,0
54217;2025-09-13;60;22877;47466,09
54218;2025-09-13;55;23251;50676,62
54219;2025-09-13;11;23259;48628,41
54220;2025-09-13;34;23491;193196,73
54221;2025-09-13;54;23624;37399,3
54222;2025-09-13;7;23798;419382,39
54223;2025-09-13;29;23843;28103,6
54224;2025-09-13;19;23993;76060,89
54225;2025-09-13;43;24019;7111,06
54226;2025-09-13;72;24025;28873,92
54227;2025-09-13;72;24035;32742,26
54228;2025-09-13;42;24207;46423,14
54229;2025-09-13;14;24351;13320,51
54230;2025-09-14;54;23342;52151,63
54231;2025-09-14;46;23928;62739,88
54232;2025-09-14;5;24021;44120,45
54233;2025-09-14;17;24026;523824,69
54234;2025-09-14;17;24043;188423,22
54235;2025-09-14;37;24084;94969,61
54236;2025-09-14;77;24146;30159,91
54237;2025-09-14;42;24177;98292,12
54238;2025-09-14;28;24345;105258,82
54239;2025-09-15;39;23737;6010,14
54240;2025-09-15;36;23759;167748,0
54241;2025-09-15;62;23764;67394,72
54242;2025-09-15;34;23766;20803,11
54243;2025-09-15;75;23955;52337,48
54244;2025-09-15;37;23997;16359,43
54245;2025-09-15;21;24039;20335,36
54246;2025-09-15;70;24059;44540,38
54247;2025-09-15;10;24074;78957,75
54248;2025-09-15;71;24320;12381,96
54249;2025-09-16;60;23234;111756,17
54250;2025-09-16;11;23290;31330,76
54251;2025-09-16;20;23742;100897,15
54252;2025-09-16;68;24004;24391,31
54253;2025-09-16;76;24075;98614,06
54254;2025-09-16;78;24214;44917,8
54255;2025-09-16;32;24277;127080,86
54256;2025-09-17;11;23358;6699,43
54257;2025-09-17;45;23451;99160,52
54258;2025-09-17;48;23791;3554,16
54259;2025-09-17;8;23870;152228,67
54260;2025-09-17;9;24017;8018,12
54261;2025-09-17;49;24062;31342,71
54262;2025-09-17;23;24065;638675,16
54263;2025-09-17;25;24109;87582,52
54264;2025-09-17;70;24119;25219,47
54265;2025-09-17;78;24126;98846,62
54266;2025-09-17;5;24342;109041,51
54267;2025-09-18;34;23499;14589,17
54268;2025-09-18;74;23520;321238,3
54269;2025-09-18;20;23760;106326,62
54270;2025-09-18;13;23831;93317,19
54271;2025-09-18;72;24054;85994,47
54272;2025-09-18;3;24076;3082,39
54273;2025-09-18;50;24080;42021,28
54274;2025-09-18;46;24112;442999,74
54275;2025-09-18;70;24137;15187,95
54276;2025-09-18;75;24220;147388,72
54277;2025-09-18;42;24247;112437,28
54278;2025-09-18;71;24395;47773,97
54279;2025-09-19;24;23887;70649,92
54280;2025-09-19;61;24013;21617,02
54281;2025-09-19;17;24051;345101,05
54282;2025-09-19;56;24103;23404,74
54283;2025-09-19;73;24111;516415,67
54284;2025-09-20;6;24072;370388,78
54285;2025-09-20;19;24088;99099,74
54286;2025-09-20;23;24096;992051,66
54287;2025-09-20;31;24114;390235,28
54288;2025-09-21;54;23618;13652,5
54289;2025-09-21;62;23827;43340,94
54290;2025-09-21;15;23847;58489,05
54291;2025-09-21;40;23878;636790,82
54292;2025-09-21;56;24067;106591,69
54293;2025-09-21;38;24070;125371,41
54294;2025-09-21;57;24090;544089,98
54295;2025-09-21;2;24100;335089,44
54296;2025-09-21;63;24104;33497,16
54297;2025-09-21;65;24130;26889,18
54298;2025-09-22;39;23573;26175,37
54299;2025-09-22;18;23705;118576,72
54300;2025-09-22;48;23837;10890,5
54301;2025-09-22;44;23963;643511,03
54302;2025-09-22;22;24108;13454,7
54303;2025-09-22;22;24124;19764,14
54304;2025-09-22;21;24131;32060,79
54305;2025-09-22;19;24136;29257,69
54306;2025-09-22;47;24416;287024,49
54307;2025-09-23;74;23757;197587,49
54308;2025-09-23;15;23810;75179,38
54309;2025-09-23;24;23978;26235,59
54310;2025-09-23;68;24006;25650,08
54311;2025-09-23;68;24024;87524,52
54312;2025-09-23;67;24028;318229,95
54313;2025-09-23;49;24113;12041,52
54314;2025-09-23;57;24115;169370,55
54315;2025-09-23;65;24138;38024,92
54316;2025-09-23;10;24154;23411,51
54317;2025-09-23;31;24159;389643,98
54318;2025-09-23;31;24173;354892,57
54319;2025-09-23;69;24264;49658,84
54320;2025-09-23;78;24272;53528,78
54321;2025-09-23;75;24276;79954,69
54322;2025-09-23;42;24298;54979,51
54323;2025-09-24;15;23826;103907,29
54324;2025-09-24;6;23860;102649,63
54325;2025-09-24;54;23931;90506,67
54326;2025-09-24;61;23977;82793,62
54327;2025-09-24;37;24099;34698,83
54328;2025-09-24;21;24102;42244,34
54329;2025-09-24;56;24172;109721,48
54330;2025-09-24;79;24175;48032,09
54331;2025-09-24;78;24263;84352,0
54332;2025-09-24;77;24310;21983,53
54333;2025-09-24;14;24440;25320,71
54334;2025-09-24;47;24482;106648,11
54335;2025-09-25;44;23811;235369,93
54336;2025-09-25;51;23969;78691,31
54337;2025-09-25;67;24022;112072,45
54338;2025-09-25;68;24053;30138,22
54339;2025-09-25;40;24094;652415,56
54340;2025-09-25;38;24107;115753,44
54341;2025-09-25;50;24110;97146,96
54342;2025-09-25;23;24118;335422,95
54343;2025-09-25;37;24122;48119,01
54344;2025-09-25;36;24128;182371,17
54345;2025-09-25;66;24164;80218,51
54346;2025-09-25;10;24176;10180,05
54347;2025-09-25;65;24198;23432,71
54348;2025-09-25;69;24211;13170,15
54349;2025-09-25;34;24252;60793,92
54350;2025-09-25;77;24318;30672,55
54351;2025-09-25;78;24426;1120,93
54352;2025-09-25;33;24472;16863,21
54353;2025-09-26;53;23092;1763,99
54354;2025-09-26;11;23358;9579,55
54355;2025-09-26;44;23731;181574,35
54356;2025-09-26;59;23828;22558,4
54357;2025-09-26;26;23923;57129,47
54358;2025-09-26;70;24059;39707,09
54359;2025-09-26;70;24161;17736,42
54360;2025-09-26;27;24315;35191,43
54361;2025-09-27;13;23848;89260,32
54362;2025-09-27;20;23872;114132,84
54363;2025-09-27;48;23914;26914,47
54364;2025-09-27;62;23919;84912,68
54365;2025-09-27;68;23956;156260,9
54366;2025-09-27;29;24009;63343,81
54367;2025-09-27;72;24035;30488,47
54368;2025-09-27;38;24141;268612,19
54369;2025-09-27;58;24152;258507,5
54370;2025-09-27;43;24167;11512,94
54371;2025-09-27;72;24180;70875,64
54372;2025-09-27;22;24184;26877,56
54373;2025-09-27;31;24202;286015,47
54374;2025-09-27;27;24361;37265,02
54375;2025-09-27;14;24519;132547,79
54376;2025-09-28;55;23533;42703,46
54377;2025-09-28;37;23873;14556,87
54378;2025-09-28;68;24012;44751,98
54379;2025-09-28;61;24013;31312,54
54380;2025-09-28;61;24098;124458,09
54381;2025-09-28;3;24142;115559,16
54382;2025-09-28;25;24144;30308,42
54383;2025-09-28;35;24194;299459,96
54384;2025-09-28;12;24197;22463,86
54385;2025-09-28;65;24210;65481,77
54386;2025-09-28;75;24313;93647,21
54387;2025-09-28;5;24491;30775,18
54388;2025-09-28;14;24492;26580,09
54389;2025-09-29;62;23717;22853,13
54390;2025-09-29;44;23781;175021,2
54391;2025-09-29;11;23824;60828,06
54392;2025-09-29;16;23856;177173,92
54393;2025-09-29;68;23991;72129,06
54394;2025-09-29;4;24063;166798,14
54395;2025-09-29;19;24174;35267,0
54396;2025-09-29;66;24186;95263,55
54397;2025-09-29;69;24258;176813,23
54398;2025-09-29;78;24414;43419,2
54399;2025-09-29;28;24522;169190,91
54400;2025-09-29;47;24558;107692,54
54401;2025-09-30;62;23864;110457,87
54402;2025-09-30;34;23866;61619,15
54403;2025-09-30;15;23886;124962,72
54404;2025-09-30;66;24147;19597,31
54405;2025-09-30;43;24148;23092,3
54406;2025-09-30;5;24342;84740,73
54407;2025-09-30;27;24371;33334,32
54408;2025-09-30;32;24372;81894,31
54409;2025-09-30;5;24504;90134,31
54410;2025-09-30;71;24526;35015,62
54411;2025-09-30;33;24570;22730,03
54412;2025-10-01;24;24129;39783,44
54413;2025-10-01;65;24138;55943,55
54414;2025-10-01;29;24145;72087,49
54415;2025-10-01;57;24162;360891,28
54416;2025-10-01;25;24169;68909,9
54417;2025-10-01;17;24249;327762,48
54418;2025-10-01;78;24443;103998,5
54419;2025-10-02;48;23924;14462,83
54420;2025-10-02;62;23942;85676,77
54421;2025-10-02;76;23952;46941,45
54422;2025-10-02;34;24052;118636,39
54423;2025-10-02;30;24069;38066,0
54424;2025-10-02;17;24183;205878,58
54425;2025-10-02;17;24188;305505,08
54426;2025-10-02;63;24222;28894,38
54427;2025-10-02;9;24307;24483,23
54428;2025-10-03;48;23791;5331,18
54429;2025-10-03;45;23899;175491,24
54430;2025-10-03;63;23968;18135,32
54431;2025-10-03;21;24190;35013,67
54432;2025-10-03;46;24193;167530,85
54433;2025-10-03;19;24213;87349,42
54434;2025-10-03;21;24241;29868,84
54435;2025-10-03;79;24255;17091,54
54436;2025-10-03;14;24440;37879,82
54437;2025-10-03;71;24608;6851,49
54438;2025-10-03;14;24609;107172,02
54439;2025-10-04;53;23144;39687,03
54440;2025-10-04;53;23421;27190,2
54441;2025-10-04;29;24123;100056,78
54442;2025-10-04;38;24223;28093,53
54443;2025-10-04;63;24231;32893,65
54444;2025-10-04;2;24246;457394,41
54445;2025-10-04;2;24253;249564,6
54446;2025-10-04;69;24378;106855,75
54447;2025-10-04;41;24390;33695,67
54448;2025-10-04;32;24427;70929,05
54449;2025-10-04;33;24527;22037,52
54450;2025-10-04;71;24574;6225,18
54451;2025-10-04;14;24625;29985,1
54452;2025-10-05;26;23360;24881,59
54453;2025-10-05;60;23385;79313,11
54454;2025-10-05;55;23635;27048,79
54455;2025-10-05;36;24158;141560,54
54456;2025-10-05;23;24245;986205,71
54457;2025-10-05;12;24250;19364,47
54458;2025-10-05;6;24288;407913,88
54459;2025-10-05;75;24387;128621,27
54460;2025-10-05;42;24460;4285,06
54461;2025-10-05;33;24472;7637,14
54462;2025-10-06;53;23092;908,36
54463;2025-10-06;30;23795;19076,16
54464;2025-10-06;45;23893;183862,07
54465;2025-10-06;25;24002;17267,1
54466;2025-10-06;70;24306;49450,48
54467;2025-10-06;65;24308;11152,65
54468;2025-10-06;65;24334;55532,23
54469;2025-10-06;75;24438;99945,29
54470;2025-10-06;47;24576;86586,14
54471;2025-10-07;20;23999;21005,2
54472;2025-10-07;44;24058;656450,26
54473;2025-10-07;51;24155;26526,95
54474;2025-10-07;12;24197;31161,53
54475;2025-10-07;43;24224;57429,53
54476;2025-10-07;2;24243;459829,38
54477;2025-10-07;37;24280;135820,15
54478;2025-10-07;25;24285;34339,77
54479;2025-10-07;12;24295;21558,18
54480;2025-10-07;3;24317;74952,7
54481;2025-10-07;14;24492;14639,02
54482;2025-10-07;78;24540;61819,76
54483;2025-10-08;60;23765;90113,81
54484;2025-10-08;26;23767;87528,36
54485;2025-10-08;15;23964;192927,09
54486;2025-10-08;15;23998;283844,55
54487;2025-10-08;19;24174;51170,82
54488;2025-10-08;6;24234;223573,63
54489;2025-10-08;23;24248;668882,56
54490;2025-10-08;63;24259;77219,86
54491;2025-10-08;3;24261;58326,44
54492;2025-10-08;57;24283;640035,29
54493;2025-10-08;6;24305;188685,81
54494;2025-10-08;2;24312;234133,87
54495;2025-10-08;41;24447;31021,27
54496;2025-10-09;60;23720;70077,7
54497;2025-10-09;39;24023;28917,56
54498;2025-10-09;4;24073;50840,89
54499;2025-10-09;67;24218;151475,61
54500;2025-10-09;68;24256;41097,83
54501;2025-10-09;56;24267;70874,4
54502;2025-10-09;23;24289;575560,83
54503;2025-10-09;19;24321;26060,76
54504;2025-10-09;23;24325;450801,15
54505;2025-10-09;10;24344;34172,21
54506;2025-10-09;70;24383;54530,48
54507;2025-10-09;5;24491;28759,83
54508;2025-10-10;34;24204;39971,07
54509;2025-10-10;69;24211;10635,92
54510;2025-10-10;61;24226;67226,88
54511;2025-10-10;44;24266;891666,82
54512;2025-10-10;22;24268;36369,51
54513;2025-10-10;38;24275;84760,94
54514;2025-10-10;73;24302;520318,09
54515;2025-10-10;63;24332;9974,46
54516;2025-10-10;63;24340;58331,27
54517;2025-10-10;75;24471;98354,1
54518;2025-10-10;33;24617;62556,02
54519;2025-10-10;33;24662;87303,73
54520;2025-10-11;53;23347;48604,14
54521;2025-10-11;45;23636;79340,33
54522;2025-10-11;59;24003;31520,37
54523;2025-10-11;59;24008;25984,73
54524;2025-10-11;20;24014;80811,67
54525;2025-10-11;4;24151;68451,69
54526;2025-10-11;61;24201;21691,65
54527;2025-10-11;21;24286;95480,64
54528;2025-10-11;25;24300;81585,89
54529;2025-10-11;21;24316;37647,56
54530;2025-10-11;10;24328;185786,7
54531;2025-10-11;75;24474;96975,54
54532;2025-10-11;41;24505;15560,76
54533;2025-10-11;5;24647;83411,27
54534;2025-10-12;62;23990;60480,94
54535;2025-10-12;13;24179;20042,42
54536;2025-10-12;52;24205;98478,16
54537;2025-10-12;12;24281;26634,68
54538;2025-10-12;19;24299;64753,85
54539;2025-10-12;12;24314;47255,82
54540;2025-10-12;42;24495;18641,81
54541;2025-10-12;33;24658;16419,37
54542;2025-10-13;55;23258;4380,23
54543;2025-10-13;48;23924;15204,31
54544;2025-10-13;36;24078;120743,62
54545;2025-10-13;52;24087;148555,92
54546;2025-10-13;64;24170;69376,91
54547;2025-10-13;52;24206;39523,25
54548;2025-10-13;65;24237;59455,84
54549;2025-10-13;64;24257;56049,38
54550;2025-10-13;3;24287;76305,59
54551;2025-10-13;12;24291;8173,36
54552;2025-10-13;21;24348;11341,66
54553;2025-10-13;37;24437;46467,6
54554;2025-10-14;39;24016;36437,18
54555;2025-10-14;48;24042;19214,04
54556;2025-10-14;24;24101;7792,24
54557;2025-10-14;65;24273;83653,21
54558;2025-10-15;34;23499;17575,26
54559;2025-10-15;36;23916;145868,98
54560;2025-10-15;39;24033;33467,09
54561;2025-10-15;66;24147;25177,29
54562;2025-10-15;26;24156;52501,44
54563;2025-10-15;8;24251;37469,87
54564;2025-10-15;44;24274;539517,37
54565;2025-10-15;2;24312;150079,78
54566;2025-10-15;3;24337;38523,94
54567;2025-10-15;46;24353;305587,1
54568;2025-10-15;31;24377;238359,75
54569;2025-10-15;21;24382;61487,43
54570;2025-10-16;74;23984;458674,61
54571;2025-10-16;59;24018;49993,57
54572;2025-10-16;54;24081;80212,6
54573;2025-10-16;61;24227;68103,18
54574;2025-10-16;9;24270;18062,6
54575;2025-10-16;67;24271;323425,12
54576;2025-10-16;68;24284;21741,42
54577;2025-10-16;2;24335;494831,41
54578;2025-10-16;12;24406;45978,86
54579;2025-10-16;78;24426;822,25
54580;2025-10-17;20;24060;211275,47
54581;2025-10-17;12;24402;30744,15
54582;2025-10-17;79;24413;23917,32
54583;2025-10-17;6;24418;162562,49
54584;2025-10-17;25;24435;37293,16
54585;2025-10-17;76;24436;120961,91
54586;2025-10-17;27;24596;7236,96
54587;2025-10-17;71;24694;24543,71
54588;2025-10-17;47;24702;198770,05
54589;2025-10-17;14;24715;57414,47
54590;2025-10-18;74;23512;308516,53
54591;2025-10-18;15;23810;43175,89
54592;2025-10-18;45;23906;107851,44
54593;2025-10-18;39;24086;82736,84
54594;2025-10-18;61;24191;27286,46
54595;2025-10-18;68;24297;159757,87
54596;2025-10-18;72;24350;10111,05
54597;2025-10-18;19;24354;108613,47
54598;2025-10-18;63;24362;22598,7
54599;2025-10-18;72;24404;120386,92
54600;2025-10-18;50;24410;82925,74
54601;2025-10-18;12;24430;27645,74
54602;2025-10-18;12;24432;7654,33
54603;2025-10-18;42;24564;63674,61
54604;2025-10-18;77;24566;15368,19
54605;2025-10-18;41;24589;11797,76
54606;2025-10-18;32;24657;275207,11
54607;2025-10-19;74;23852;379276,58
54608;2025-10-19;36;23885;77579,92
54609;2025-10-19;74;24116;425970,31
54610;2025-10-19;30;24182;110317,59
54611;2025-10-19;65;24347;60210,71
54612;2025-10-19;21;24358;36447,26
54613;2025-10-19;57;24365;431206,35
54614;2025-10-19;36;24391;14870,03
54615;2025-10-19;3;24393;135435,25
54616;2025-10-19;58;24396;212374,16
54617;2025-10-19;80;24399;389033,55
54618;2025-10-19;22;24412;29247,7
54619;2025-10-19;19;24415;45752,66
54620;2025-10-19;43;24448;8967,53
54621;2025-10-19;1;24509;18741,87
54622;2025-10-19;1;24513;21238,66
54623;2025-10-19;47;24558;66718,19
54624;2025-10-19;75;24565;286035,66
54625;2025-10-20;26;23360;33352,95
54626;2025-10-20;74;23608;242472,53
54627;2025-10-20;67;24022;59561,95
54628;2025-10-20;74;24034;237447,04
54629;2025-10-20;48;24055;17251,57
54630;2025-10-20;61;24228;4745,48
54631;2025-10-20;38;24275;48665,26
54632;2025-10-20;66;24357;9731,7
54633;2025-10-20;72;24364;85798,57
54634;2025-10-20;50;24368;60535,57
54635;2025-10-20;49;24421;64630,91
54636;2025-10-20;21;24445;38725,18
54637;2025-10-20;12;24450;28749,64
54638;2025-10-20;72;24456;26344,68
54639;2025-10-20;58;24457;674734,58
54640;2025-10-20;38;24459;74088,84
54641;2025-10-20;1;24486;39503,06
54642;2025-10-20;32;24498;107395,58
54643;2025-10-20;77;24553;89178,72
54644;2025-10-20;27;24605;32722,37
54645;2025-10-21;60;23857;65771,46
54646;2025-10-21;67;24168;177208,21
54647;2025-10-21;79;24381;19190,35
54648;2025-10-21;1;24405;6157,6
54649;2025-10-21;19;24425;39470,21
54650;2025-10-21;17;24454;205391,46
54651;2025-10-22;18;23705;68042,23
54652;2025-10-22;68;23991;39853,69
54653;2025-10-22;15;24082;166787,45
54654;2025-10-22;59;24120;61245,52
54655;2025-10-22;48;24121;9821,89
54656;2025-10-22;67;24217;260967,27
54657;2025-10-22;61;24309;91038,51
54658;2025-10-22;70;24356;45397,37
54659;2025-10-22;50;24389;31058,13
54660;2025-10-22;38;24403;23441,5
54661;2025-10-22;38;24417;153098,6
54662;2025-10-22;37;24561;47756,1
54663;2025-10-22;75;24611;163384,25
54664;2025-10-22;78;24710;38915,28
54665;2025-10-22;5;24779;116229,84
54666;2025-10-23;60;23675;180763,25
54667;2025-10-23;37;24122;30106,84
54668;2025-10-23;29;24145;37892,38
54669;2025-10-23;16;24230;607058,67
54670;2025-10-23;52;24327;107630,51
54671;2025-10-23;30;24352;30760,41
54672;2025-10-23;6;24434;473137,4
54673;2025-10-23;10;24446;118823,85
54674;2025-10-23;57;24475;350569,64
54675;2025-10-23;42;24578;41529,81
54676;2025-10-23;27;24604;77344,47
54677;2025-10-23;5;24810;52161,42
54678;2025-10-24;55;23804;29254,08
54679;2025-10-24;39;24023;18945,26
54680;2025-10-24;4;24151;65376,74
54681;2025-10-24;17;24183;179195,44
54682;2025-10-24;67;24232;396436,97
54683;2025-10-24;52;24323;50567,44
54684;2025-10-24;63;24419;27040,99
54685;2025-10-24;2;24428;674227,45
54686;2025-10-24;76;24464;12335,54
54687;2025-10-24;56;24487;75615,59
54688;2025-10-24;33;24790;63640,7
54689;2025-10-25;60;23720;45805,91
54690;2025-10-25;26;24093;31752,26
54691;2025-10-25;80;24462;400992,98
54692;2025-10-25;50;24465;54985,47
54693;2025-10-25;72;24473;59665,02
54694;2025-10-25;9;24508;4406,58
54695;2025-10-25;23;24511;433371,57
54696;2025-10-25;1;24520;19760,45
54697;2025-10-26;60;23422;75728,52
54698;2025-10-26;60;23771;119668,41
54699;2025-10-26;54;23910;21056,72
54700;2025-10-26;15;24149;168090,45
54701;2025-10-26;58;24152;117903,18
54702;2025-10-26;67;24254;243059,2
54703;2025-10-26;52;24290;144264,41
54704;2025-10-26;16;24322;216810,31
54705;2025-10-26;51;24338;26896,54
54706;2025-10-26;37;24398;58547,07
54707;2025-10-26;8;24411;127262,86
54708;2025-10-26;31;24444;143105,42
54709;2025-10-26;21;24477;114890,13
54710;2025-10-26;80;24489;487118,05
54711;2025-10-26;57;24500;526744,89
54712;2025-10-26;50;24507;76907,66
54713;2025-10-26;46;24510;232584,27
54714;2025-10-26;42;24689;62496,26
54715;2025-10-26;71;24863;45477,32
54716;2025-10-27;62;23864;104925,28
54717;2025-10-27;11;24085;26819,66
54718;2025-10-27;34;24278;51955,29
54719;2025-10-27;44;24303;653921,3
54720;2025-10-27;65;24380;117434,84
54721;2025-10-27;70;24442;10192,8
54722;2025-10-27;57;24451;311713,56
54723;2025-10-27;12;24455;3955,99
54724;2025-10-27;23;24461;529740,31
54725;2025-10-27;22;24490;49028,48
54726;2025-10-27;63;24506;38261,84
54727;2025-10-27;66;24514;9950,23
54728;2025-10-27;46;24536;210876,93
54729;2025-10-27;47;24803;198124,86
54730;2025-10-27;28;24834;54269,64
54731;2025-10-27;28;24839;251024,46
54732;2025-10-28;45;23697;172916,75
54733;2025-10-28;40;24330;439703,25
54734;2025-10-28;30;24388;102285,81
54735;2025-10-28;9;24392;12826,08
54736;2025-10-28;31;24466;259434,51
54737;2025-10-28;25;24476;72728,04
54738;2025-10-28;66;24529;48420,99
54739;2025-10-28;33;24658;13423,75
54740;2025-10-28;33;24830;46178,9
54741;2025-10-29;54;23838;3276,8
54742;2025-10-29;36;24031;107917,16
54743;2025-10-29;13;24179;14949,8
54744;2025-10-29;20;24221;137950,87
54745;2025-10-29;65;24479;20560,04
54746;2025-10-29;37;24480;83935,95
54747;2025-10-29;12;24481;73929,64
54748;2025-10-29;50;24493;97548,26
54749;2025-10-29;25;24515;53839,01
54750;2025-10-29;23;24524;396085,35
54751;2025-10-29;41;24651;9394,01
54752;2025-10-29;69;24711;119866,44
54753;2025-10-30;26;23706;36163,6
54754;2025-10-30;79;24255;13539,45
54755;2025-10-30;40;24311;754738,42
54756;2025-10-30;52;24424;45314,17
54757;2025-10-30;16;24441;638926,27
54758;2025-10-30;43;24502;36340,37
54759;2025-10-30;63;24518;36251,32
54760;2025-10-30;50;24523;54445,38
54761;2025-10-30;9;24632;47815,26
54762;2025-10-30;37;24663;68387,96
54763;2025-10-30;77;24680;36082,85
54764;2025-10-30;71;24883;39033,14
54765;2025-10-30;14;24884;77664,16
54766;2025-10-30;47;24893;274000,42
54767;2025-10-31;62;24199;61369,06
54768;2025-10-31;30;24355;77197,0
54769;2025-10-31;51;24360;61453,74
54770;2025-10-31;64;24400;32868,77
54771;2025-10-31;13;24409;25902,74
54772;2025-10-31;57;24475;173152,25
54773;2025-10-31;32;24648;268802,95
54774;2025-10-31;69;24792;59430,98
54775;2025-10-31;69;24800;80891,75
54776;2025-11-01;4;24073;39823,15
54777;2025-11-01;48;24242;35285,3
54778;2025-11-01;12;24314;57742,64
54779;2025-11-01;21;24382;86842,03
54780;2025-11-01;4;24488;216337,26
54781;2025-11-01;12;24549;1872,79
54782;2025-11-01;23;24563;293224,86
54783;2025-11-01;19;24584;139835,45
54784;2025-11-01;66;24595;56492,92
54785;2025-11-01;32;24637;172859,63
54786;2025-11-02;11;24208;49579,08
54787;2025-11-02;8;24336;132624,59
54788;2025-11-02;38;24459;83684,56
54789;2025-11-02;52;24484;58847,09
54790;2025-11-02;7;24499;572637,66
54791;2025-11-02;57;24533;162152,17
54792;2025-11-02;76;24534;16212,72
54793;2025-11-02;2;24547;260720,06
54794;2025-11-02;47;24932;99392,56
54795;2025-11-02;14;24949;61989,8
54796;2025-11-03;55;23987;67079,47
54797;2025-11-03;64;24439;4553,53
54798;2025-11-03;66;24521;85504,9
54799;2025-11-03;43;24535;39437,27
54800;2025-11-03;56;24539;45573,88
54801;2025-11-03;56;24545;83658,74
54802;2025-11-03;23;24551;92410,28
54803;2025-11-03;43;24559;42107,84
54804;2025-11-03;80;24583;506693,62
54805;2025-11-03;5;24964;47386,37
54806;2025-11-04;13;23902;10940,91
54807;2025-11-04;48;24215;7933,09
54808;2025-11-04;75;24471;54659,32
54809;2025-11-04;66;24529;45525,34
54810;2025-11-04;44;24543;752742,25
54811;2025-11-04;31;24557;384481,02
54812;2025-11-04;2;24577;449314,13
54813;2025-11-04;58;24579;286961,72
54814;2025-11-04;56;24582;67275,58
54815;2025-11-04;25;24614;75240,97
54816;2025-11-04;38;24618;53534,01
54817;2025-11-04;12;24622;45372,09
54818;2025-11-04;75;24744;83176,03
54819;2025-11-04;41;24765;2485,96
54820;2025-11-04;41;24781;43536,95
54821;2025-11-05;67;24218;148973,36
54822;2025-11-05;25;24285;43290,36
54823;2025-11-05;26;24296;27564,12
54824;2025-11-05;64;24483;46893,61
54825;2025-11-05;44;24512;762517,15
54826;2025-11-05;24;24555;75263,0
54827;2025-11-05;46;24603;347273,14
54828;2025-11-05;77;24741;5585,14
54829;2025-11-05;14;24913;33255,9
54830;2025-11-06;36;24196;93029,16
54831;2025-11-06;44;24343;619122,59
54832;2025-11-06;50;24389;45832,76
54833;2025-11-06;8;24468;63273,76
54834;2025-11-06;37;24665;124140,74
54835;2025-11-06;69;24695;39532,06
54836;2025-11-06;77;24735;44997,12
54837;2025-11-06;32;24806;212362,42
54838;2025-11-06;28;24834;46151,25
54839;2025-11-06;47;24916;186392,64
54840;2025-11-07;59;24120;59154,84
54841;2025-11-07;18;24150;111564,42
54842;2025-11-07;39;24282;42540,21
54843;2025-11-07;65;24532;100958,91
54844;2025-11-07;3;24620;96118,88
54845;2025-11-07;38;24664;81957,38
54846;2025-11-07;28;24910;118417,99
54847;2025-11-07;14;24994;50005,06
54848;2025-11-07;71;24998;33492,88
54849;2025-11-07;47;25000;82225,0
54850;2025-11-08;74;24192;233917,74
54851;2025-11-08;52;24424;46169,67
54852;2025-11-08;16;24433;819942,02
54853;2025-11-08;79;24585;40771,92
54854;2025-11-08;57;24594;275106,6
54855;2025-11-08;46;24623;79565,26
54856;2025-11-08;10;24624;81698,83
54857;2025-11-08;35;24626;277047,12
54858;2025-11-08;3;24628;7058,3
54859;2025-11-08;1;24754;14119,57
54860;2025-11-08;77;24798;37052,94
54861;2025-11-08;42;24829;83861,56
54862;2025-11-08;69;24890;161950,09
54863;2025-11-08;28;24936;168821,3
54864;2025-11-08;14;24965;26438,35
54865;2025-11-09;60;23601;48977,46
54866;2025-11-09;60;23747;44017,56
54867;2025-11-09;48;24055;23201,11
54868;2025-11-09;61;24386;35389,72
54869;2025-11-09;7;24420;198933,78
54870;2025-11-09;64;24593;96858,66
54871;2025-11-09;27;24604;36337,86
54872;2025-11-09;80;24629;491269,42
54873;2025-11-09;66;24681;70254,59
54874;2025-11-09;41;24802;26691,42
54875;2025-11-09;42;24815;39178,47
54876;2025-11-09;32;24843;175717,75
54877;2025-11-09;33;24999;110574,6
54878;2025-11-10;11;24293;7839,52
54879;2025-11-10;13;24431;51123,14
54880;2025-11-10;1;24552;15481,57
54881;2025-11-10;64;24554;145831,38
54882;2025-11-10;4;24569;153064,39
54883;2025-11-10;51;24599;109390,66
54884;2025-11-10;25;24635;18739,5
54885;2025-11-10;70;24659;42810,12
54886;2025-11-10;72;24670;74163,28
54887;2025-11-10;35;24696;370345,72
54888;2025-11-10;78;24823;61425,15
54889;2025-11-11;26;23877;19686,81
54890;2025-11-11;68;24516;17143,74
54891;2025-11-11;50;24641;57389,63
54892;2025-11-11;73;24685;771749,47
54893;2025-11-11;10;24691;56456,57
54894;2025-11-11;32;24750;157966,3
54895;2025-11-11;37;24755;39706,08
54896;2025-11-11;32;24766;130310,39
54897;2025-11-11;1;24784;33435,11
54898;2025-11-11;32;24833;211091,48
54899;2025-11-11;71;25010;35860,22
54900;2025-11-11;33;25046;45615,74
54901;2025-11-11;5;25063;34658,55
54902;2025-11-12;55;23472;12987,62
54903;2025-11-12;11;23961;21542,88
54904;2025-11-12;62;24304;91166,17
54905;2025-11-12;50;24368;26784,48
54906;2025-11-12;6;24418;82941,68
54907;2025-11-12;44;24452;563629,63
54908;2025-11-12;29;24463;10213,71
54909;2025-11-12;13;24590;3073,41
54910;2025-11-12;76;24645;26061,2
54911;2025-11-12;2;24661;563414,12
54912;2025-11-12;17;24667;875889,77
54913;2025-11-12;56;24674;89977,77
54914;2025-11-12;25;24677;53995,68
54915;2025-11-12;66;24717;17638,0
54916;2025-11-12;31;24721;240188,9
54917;2025-11-13;53;23614;47889,47
54918;2025-11-13;24;24101;11368,26
54919;2025-11-13;48;24294;11351,79
54920;2025-11-13;52;24323;66884,37
54921;2025-11-13;52;24592;36529,24
54922;2025-11-13;3;24644;130801,66
54923;2025-11-13;56;24697;75606,76
54924;2025-11-13;22;24723;29446,1
54925;2025-11-13;49;24729;5435,02
54926;2025-11-13;41;24840;43541,35
54927;2025-11-14;11;23797;10064,25
54928;2025-11-14;59;24370;56937,9
54929;2025-11-14;30;24546;13404,98
54930;2025-11-14;16;24606;548918,1
54931;2025-11-14;16;24610;415176,64
54932;2025-11-14;29;24655;145851,7
54933;2025-11-14;3;24683;126192,66
54934;2025-11-14;9;24688;31433,11
54935;2025-11-14;19;24709;129614,22
54936;2025-11-14;3;24734;78053,33
54937;2025-11-14;6;24749;657856,33
54938;2025-11-14;75;24824;11531,94
54939;2025-11-14;37;24826;14274,89
54940;2025-11-14;42;24870;62024,2
54941;2025-11-14;28;25042;46235,46
54942;2025-11-15;61;24228;6920,8
54943;2025-11-15;20;24385;16279,59
54944;2025-11-15;20;24408;255671,41
54945;2025-11-15;64;24439;5008,84
54946;2025-11-15;64;24470;26765,02
54947;2025-11-15;64;24483;37151,11
54948;2025-11-15;40;24633;609901,03
54949;2025-11-15;68;24653;86569,33
54950;2025-11-15;12;24673;29791,28
54951;2025-11-15;56;24708;64334,5
54952;2025-11-15;63;24730;4477,97
54953;2025-11-16;18;24200;114509,72
54954;2025-11-16;15;24374;164480,69
54955;2025-11-16;15;24384;96523,2
54956;2025-11-16;59;24401;53877,73
54957;2025-11-16;24;24666;32825,1
54958;2025-11-16;73;24706;565835,05
54959;2025-11-16;57;24714;259143,32
54960;2025-11-16;12;24718;18693,6
54961;2025-11-16;72;24731;116315,24
54962;2025-11-16;6;24732;480804,97
54963;2025-11-16;75;24864;10737,06
54964;2025-11-16;77;24871;5885,0
54965;2025-11-17;54;24235;114127,31
54966;2025-11-17;36;24453;90405,22
54967;2025-11-17;61;24571;34150,83
54968;2025-11-17;70;24630;74977,51
54969;2025-11-17;29;24643;21316,27
54970;2025-11-17;66;24728;46153,06
54971;2025-11-17;42;24887;75749,07
54972;2025-11-17;42;24928;23620,39
54973;2025-11-17;69;24966;75066,96
54974;2025-11-17;14;25131;58164,09
54975;2025-11-18;55;24030;29011,36
54976;2025-11-18;59;24366;42345,62
54977;2025-11-18;36;24391;18230,11
54978;2025-11-18;64;24494;106614,12
54979;2025-11-18;4;24581;211223,59
54980;2025-11-18;31;24690;340075,84
54981;2025-11-18;49;24699;13830,73
54982;2025-11-18;10;24757;67431,29
54983;2025-11-18;58;24769;230340,96
54984;2025-11-18;25;24776;33035,6
54985;2025-11-18;65;24847;7457,18
54986;2025-11-18;33;25064;44664,28
54987;2025-11-18;47;25115;160924,16
54988;2025-11-19;53;23564;37352,58
54989;2025-11-19;18;24212;211441,19
54990;2025-11-19;23;24511;204617,73
54991;2025-11-19;4;24704;178285,15
54992;2025-11-19;80;24725;317351,57
54993;2025-11-19;66;24727;40374,7
54994;2025-11-19;58;24773;391444,66
54995;2025-11-19;50;24775;83235,78
54996;2025-11-19;10;24795;75737,44
54997;2025-11-19;70;24860;38871,95
54998;2025-11-19;41;24973;16967,65
54999;2025-11-19;47;25074;173520,19
55000;2025-11-19;33;25094;63920,11
55001;2025-11-19;28;25106;143733,45
55002;2025-11-20;59;24469;4084,63
55003;2025-11-20;61;24560;50516,29
55004;2025-11-20;64;24573;73399,73
55005;2025-11-20;51;24587;44991,56
55006;2025-11-20;63;24752;18951,91
55007;2025-11-20;73;24759;517836,84
55008;2025-11-20;41;24765;2711,55
55009;2025-11-20;6;24793;500117,51
55010;2025-11-20;47;25164;66860,21
55011;2025-11-21;45;24097;174864,9
55012;2025-11-21;4;24686;131314,8
55013;2025-11-21;44;24724;400305,11
55014;2025-11-21;1;24761;4775,4
55015;2025-11-21;19;24778;168448,02
55016;2025-11-21;50;24799;69178,13
55017;2025-11-21;25;24816;86356,04
55018;2025-11-21;77;24931;34887,6
55019;2025-11-22;16;24322;306148,62
55020;2025-11-22;18;24333;102171,65
55021;2025-11-22;19;24762;15599,64
55022;2025-11-22;70;24828;50062,11
55023;2025-11-22;37;24842;39294,72
55024;2025-11-22;42;24948;59825,48
55025;2025-11-22;71;25132;35201,35
55026;2025-11-22;14;25185;65081,33
55027;2025-11-23;18;24236;94904,34
55028;2025-11-23;48;24467;12400,86
55029;2025-11-23;24;24722;119634,52
55030;2025-11-23;16;24748;568818,87
55031;2025-11-23;46;24771;471178,73
55032;2025-11-23;6;24787;105059,78
55033;2025-11-23;12;24789;12775,89
55034;2025-11-23;46;24809;534453,62
55035;2025-11-23;21;24821;111784,32
55036;2025-11-23;58;24825;290626,58
55037;2025-11-23;73;24838;716097,02
55038;2025-11-23;33;25130;120830,15
55039;2025-11-23;5;25165;21880,6
55040;2025-11-24;26;24044;44144,69
55041;2025-11-24;26;24093;20965,35
55042;2025-11-24;80;24462;230207,02
55043;2025-11-24;59;24501;94367,73
55044;2025-11-24;10;24772;25123,83
55045;2025-11-24;80;24805;96343,28
55046;2025-11-24;31;24808;275160,55
55047;2025-11-24;2;24841;740796,06
55048;2025-11-24;27;24954;97589,76
55049;2025-11-24;27;25011;96510,01
55050;2025-11-24;32;25088;121986,28
55051;2025-11-24;14;25150;90452,26
55052;2025-11-25;65;24479;14811,29
55053;2025-11-25;52;24602;101078,95
55054;2025-11-25;4;24627;221151,42
55055;2025-11-25;29;24643;15530,29
55056;2025-11-25;37;24760;55587,27
55057;2025-11-25;64;24763;25969,33
55058;2025-11-25;46;24767;521352,01
55059;2025-11-25;63;24768;42978,69
55060;2025-11-25;49;24786;86285,58
55061;2025-11-25;72;24807;102836,93
55062;2025-11-25;43;24822;68343,55
55063;2025-11-25;19;24848;2008,79
55064;2025-11-25;10;24850;76103,34
55065;2025-11-25;66;24861;97413,15
55066;2025-11-25;69;25044;37093,56
55067;2025-11-25;14;25188;55062,5
55068;2025-11-26;55;24030;29008,44
55069;2025-11-26;61;24386;34141,58
55070;2025-11-26;15;24478;103320,02
55071;2025-11-26;52;24484;29715,98
55072;2025-11-26;7;24642;329035,21
55073;2025-11-26;50;24791;14402,77
55074;2025-11-26;50;24812;132913,29
55075;2025-11-26;31;24837;217952,4
55076;2025-11-26;5;25224;84132,39
55077;2025-11-26;14;25242;41097,95
55078;2025-11-27;8;24700;113987,13
55079;2025-11-27;29;24713;60455,23
55080;2025-11-27;22;24723;13196,92
55081;2025-11-27;65;24801;56772,19
55082;2025-11-27;17;24817;129186,89
55083;2025-11-27;75;24864;8508,3
55084;2025-11-27;80;24865;353496,95
55085;2025-11-27;35;24877;605282,63
55086;2025-11-27;1;24888;13420,6
55087;2025-11-27;32;25104;75220,31
55088;2025-11-27;33;25243;115727,91
55089;2025-11-28;7;24420;231352,48
55090;2025-11-28;66;24728;31163,9
55091;2025-11-28;56;24819;68133,88
55092;2025-11-28;66;24832;73750,24
55093;2025-11-28;63;24886;35674,32
55094;2025-11-28;42;24887;48687,8
55095;2025-11-28;73;24898;619870,79
55096;2025-11-28;14;24994;54266,08
55097;2025-11-28;69;25009;112135,06
55098;2025-11-28;28;25203;188835,91
55099;2025-11-29;55;23472;16749,0
55100;2025-11-29;53;23937;20953,1
55101;2025-11-29;48;24496;29962,83
55102;2025-11-29;48;24568;12084,06
55103;2025-11-29;4;24607;122842,51
55104;2025-11-29;64;24720;18186,76
55105;2025-11-29;13;24777;103500,14
55106;2025-11-29;67;24794;449867,23
55107;2025-11-29;52;24796;65066,91
55108;2025-11-29;73;24853;774772,68
55109;2025-11-29;19;24876;59021,48
55110;2025-11-29;73;24882;367411,79
55111;2025-11-29;46;24896;343820,01
55112;2025-11-29;77;25051;13948,94
55113;2025-11-29;75;25054;132146,04
55114;2025-11-30;20;24567;31660,42
55115;2025-11-30;59;24591;43064,62
55116;2025-11-30;6;24732;252310,23
55117;2025-11-30;16;24733;464680,57
55118;2025-11-30;43;24852;33174,13
55119;2025-11-30;63;24873;72146,03
55120;2025-11-30;37;24955;183492,43
55121;2025-11-30;77;25052;66854,96
55122;2025-11-30;71;25198;14604,67
55123;2025-11-30;47;25235;142667,62
55124;2025-11-30;14;25303;63334,81
55125;2025-11-30;47;25306;112564,25
55126;2025-12-01;48;24294;7502,16
55127;2025-12-01;54;24341;113916,66
55128;2025-12-01;48;24572;10040,02
55129;2025-12-01;76;24645;28825,64
55130;2025-12-01;61;24719;17369,16
55131;2025-12-01;4;24758;218386,66
55132;2025-12-01;61;24774;31058,04
55133;2025-12-01;63;24856;47145,3
55134;2025-12-01;70;24891;50596,42
55135;2025-12-01;43;24902;19344,75
55136;2025-12-01;27;25020;10003,48
55137;2025-12-01;41;25027;8648,01
55138;2025-12-01;5;25221;53849,87
55139;2025-12-02;20;24600;127888,62
55140;2025-12-02;59;24613;41520,0
55141;2025-12-02;61;24650;84328,88
55142;2025-12-02;44;24724;193462,12
55143;2025-12-02;1;24761;2104,95
55144;2025-12-02;8;24785;46501,88
55145;2025-12-02;51;24804;22615,96
55146;2025-12-02;68;24820;114347,5
55147;2025-12-02;6;24921;382275,93
55148;2025-12-02;65;24959;131847,77
55149;2025-12-02;77;25048;27914,7
55150;2025-12-02;69;25069;180186,2
55151;2025-12-02;33;25263;49676,63
55152;2025-12-03;60;23747;26211,7
55153;2025-12-03;60;24015;41935,72
55154;2025-12-03;26;24044;20075,96
55155;2025-12-03;18;24349;81023,81
55156;2025-12-03;39;24517;47610,77
55157;2025-12-03;13;24646;19033,74
55158;2025-12-03;24;24672;50699,43
55159;2025-12-03;61;24682;18377,01
55160;2025-12-03;49;24729;2487,92
55161;2025-12-03;79;24858;18988,48
55162;2025-12-03;70;24914;42063,89
55163;2025-12-03;17;24944;373243,81
55164;2025-12-03;46;24958;100710,42
55165;2025-12-03;70;24993;26644,97
55166;2025-12-03;69;25044;19611,11
55167;2025-12-03;41;25155;14133,33
55168;2025-12-03;14;25260;16980,0
55169;2025-12-04;60;23935;125995,89
55170;2025-12-04;13;24219;55748,56
55171;2025-12-04;62;24544;52824,44
55172;2025-12-04;39;24597;115135,12
55173;2025-12-04;39;24639;40932,14
55174;2025-12-04;29;24654;28087,49
55175;2025-12-04;57;24892;491335,24
55176;2025-12-04;23;24923;518278,78
55177;2025-12-04;38;24942;105267,98
55178;2025-12-04;41;24973;15315,76
55179;2025-12-04;3;24975;42900,17
55180;2025-12-04;71;25321;33750,37
55181;2025-12-05;20;24385;14056,15
55182;2025-12-05;26;24615;76872,22
55183;2025-12-05;40;24678;592384,95
55184;2025-12-05;51;24679;20856,07
55185;2025-12-05;16;24813;564212,69
55186;2025-12-05;37;24874;111685,6
55187;2025-12-05;76;24939;100338,85
55188;2025-12-05;3;24947;45302,04
55189;2025-12-05;72;24960;98257,81
55190;2025-12-05;72;24980;195760,47
55191;2025-12-05;10;24987;65954,39
55192;2025-12-05;25;24995;69780,63
55193;2025-12-05;65;25062;56237,25
55194;2025-12-05;41;25162;43366,82
55195;2025-12-05;5;25364;18251,11
55196;2025-12-05;33;25372;81213,47
55197;2025-12-06;13;24375;38371,03
55198;2025-12-06;62;24598;86216,78
55199;2025-12-06;48;24601;24066,32
55200;2025-12-06;46;24623;111537,47
55201;2025-12-06;65;24859;74051,35
55202;2025-12-06;72;24909;46939,74
55203;2025-12-06;46;24962;362091,16
55204;2025-12-06;25;24978;12704,27
55205;2025-12-06;69;25159;60722,95
55206;2025-12-06;33;25274;86740,93
55207;2025-12-06;28;25283;153551,79
55208;2025-12-06;5;25317;36385,85
55209;2025-12-07;26;24048;28359,45
55210;2025-12-07;18;24150;92789,48
55211;2025-12-07;74;24324;404854,81
55212;2025-12-07;60;24394;106479,72
55213;2025-12-07;34;24575;36282,19
55214;2025-12-07;64;24763;25297,33
55215;2025-12-07;57;24926;352713,66
55216;2025-12-07;25;24937;41012,43
55217;2025-12-07;35;24970;114270,3
55218;2025-12-07;32;25070;115419,03
55219;2025-12-07;28;25359;130855,49
55220;2025-12-08;30;24692;69401,61
55221;2025-12-08;44;24867;532523,95
55222;2025-12-08;1;24888;6683,14
55223;2025-12-08;57;24919;333319,71
55224;2025-12-08;22;24933;25937,5
55225;2025-12-08;50;24963;60125,27
55226;2025-12-08;34;24974;24728,9
55227;2025-12-08;35;24985;459903,39
55228;2025-12-08;23;24988;937216,32
55229;2025-12-08;12;25003;46515,94
55230;2025-12-08;37;25034;53140,32
55231;2025-12-08;69;25049;159510,24
55232;2025-12-08;69;25107;36201,09
55233;2025-12-08;47;25401;200669,93
55234;2025-12-09;26;24165;76597,32
55235;2025-12-09;59;24469;5817,69
55236;2025-12-09;4;24686;84579,52
55237;2025-12-09;16;24736;1158585,11
55238;2025-12-09;61;24738;167418,82
55239;2025-12-09;8;24747;110423,83
55240;2025-12-09;3;24927;152966,45
55241;2025-12-09;36;24957;105702,64
55242;2025-12-09;1;24990;55958,05
55243;2025-12-09;9;25061;42666,49
55244;2025-12-09;69;25113;62665,28
55245;2025-12-09;78;25293;45448,5
55246;2025-12-10;48;24619;25660,21
55247;2025-12-10;39;24671;74145,72
55248;2025-12-10;1;24903;13917,57
55249;2025-12-10;1;24925;36710,24
55250;2025-12-10;63;24951;38379,92
55251;2025-12-10;72;24971;126474,29
55252;2025-12-10;19;24981;82923,03
55253;2025-12-10;49;24992;82808,0
55254;2025-12-10;33;25373;2656,9
55255;2025-12-10;14;25380;13878,06
55256;2025-12-10;5;25423;160758,6
55257;2025-12-10;71;25433;29681,17
55258;2025-12-10;5;25449;61598,86
55259;2025-12-11;45;24225;196833,41
55260;2025-12-11;48;24616;58032,79
55261;2025-12-11;15;24621;104128,74
55262;2025-12-11;8;24746;169292,84
55263;2025-12-11;63;24752;27216,8
55264;2025-12-11;51;24788;56266,42
55265;2025-12-11;67;24827;544125,38
55266;2025-12-11;24;24912;112623,85
55267;2025-12-11;70;24917;55303,2
55268;2025-12-11;43;25006;7641,64
55269;2025-12-11;56;25008;37738,52
55270;2025-12-11;23;25012;776113,71
55271;2025-12-11;10;25024;35593,61
55272;2025-12-11;12;25031;58720,63
55273;2025-12-11;32;25193;259727,86
55274;2025-12-12;55;24369;79484,15
55275;2025-12-12;60;24397;176995,86
55276;2025-12-12;45;24538;152608,58
55277;2025-12-12;62;24687;33956,91
55278;2025-12-12;29;24751;74149,9
55279;2025-12-12;77;24871;3667,61
55280;2025-12-12;4;24904;166222,0
55281;2025-12-12;49;24967;136235,54
55282;2025-12-12;27;25215;18770,07
55283;2025-12-13;74;24548;212339,78
55284;2025-12-13;36;24908;120631,68
55285;2025-12-13;79;25057;26743,89
55286;2025-12-14;60;23841;45889,88
55287;2025-12-14;74;24189;209902,95
55288;2025-12-14;62;24705;87237,23
55289;2025-12-14;51;24764;93237,79
55290;2025-12-14;52;24880;207986,73
55291;2025-12-14;30;24894;118137,81
55292;2025-12-14;29;24961;75335,0
55293;2025-12-14;52;24969;40058,22
55294;2025-12-14;65;25005;41596,49
55295;2025-12-14;49;25007;51499,01
55296;2025-12-14;38;25016;110403,7
55297;2025-12-14;6;25017;162935,53
55298;2025-12-14;56;25025;35731,26
55299;2025-12-14;58;25041;240693,42
55300;2025-12-14;77;25174;40422,58
55301;2025-12-14;32;25195;42613,27
55302;2025-12-14;77;25216;2376,39
55303;2025-12-15;53;24064;99804,36
55304;2025-12-15;62;24668;89020,4
55305;2025-12-15;61;24682;23987,1
55306;2025-12-15;50;24791;13681,27
55307;2025-12-15;7;24846;566000,25
55308;2025-12-15;25;25001;22948,07
55309;2025-12-15;63;25026;57654,53
55310;2025-12-15;38;25076;161262,5
55311;2025-12-15;9;25089;24082,92
55312;2025-12-15;66;25101;110372,34
55313;2025-12-15;75;25232;89339,22
55314;2025-12-15;75;25233;249818,66
55315;2025-12-15;28;25479;236639,12
55316;2025-12-16;31;25058;209679,01
55317;2025-12-16;32;25070;101528,02
55318;2025-12-16;23;25128;734012,73
55319;2025-12-16;42;25231;164814,33
55320;2025-12-16;78;25406;58852,31
55321;2025-12-16;47;25444;89556,64
55322;2025-12-17;60;23882;187952,23
55323;2025-12-17;18;24634;32982,1
55324;2025-12-17;48;24770;39014,35
55325;2025-12-17;61;24774;18297,6
55326;2025-12-17;65;24847;10917,88
55327;2025-12-17;73;25036;1241477,1
55328;2025-12-17;65;25078;83966,91
55329;2025-12-17;25;25125;30955,2
55330;2025-12-17;66;25126;75293,22
55331;2025-12-17;56;25142;38883,31
55332;2025-12-17;75;25299;111841,37
55333;2025-12-17;41;25343;92643,15
55334;2025-12-17;32;25381;246037,84
55335;2025-12-18;64;24720;10107,7
55336;2025-12-18;15;24742;142322,69
55337;2025-12-18;15;24783;171932,74
55338;2025-12-18;7;24811;503354,74
55339;2025-12-18;51;24814;148470,91
55340;2025-12-18;19;24876;40415,48
55341;2025-12-18;29;24996;55412,58
55342;2025-12-18;1;25073;41806,52
55343;2025-12-18;56;25077;26136,32
55344;2025-12-18;31;25112;484039,89
55345;2025-12-18;75;25249;187727,45
55346;2025-12-18;77;25350;18649,27
55347;2025-12-18;28;25448;168347,7
55348;2025-12-18;33;25453;94385,68
55349;2025-12-18;47;25534;114936,05
55350;2025-12-19;60;23983;20171,05
55351;2025-12-19;34;24716;119331,52
55352;2025-12-19;48;24745;9788,82
55353;2025-12-19;40;24869;461830,65
55354;2025-12-19;64;25033;97581,03
55355;2025-12-19;1;25037;30962,19
55356;2025-12-19;6;25067;282076,86
55357;2025-12-19;57;25087;239090,72
55358;2025-12-19;57;25097;532952,27
55359;2025-12-19;35;25109;512870,9
55360;2025-12-19;22;25166;46846,47
55361;2025-12-19;65;25247;17369,04
55362;2025-12-19;42;25282;42850,39
55363;2025-12-19;41;25314;39403,67
55364;2025-12-19;75;25339;11162,32
55365;2025-12-19;27;25355;25349,57
55366;2025-12-19;78;25402;83181,8
55367;2025-12-20;53;24005;70723,8
55368;2025-12-20;53;24376;46710,52
55369;2025-12-20;18;24537;290503,38
55370;2025-12-20;52;24844;22021,28
55371;2025-12-20;19;24848;1219,57
55372;2025-12-20;36;24907;219487,13
55373;2025-12-20;29;24943;63943,99
55374;2025-12-20;29;24946;86172,08
55375;2025-12-20;10;25024;19737,37
55376;2025-12-20;37;25093;156613,24
55377;2025-12-20;50;25168;54329,71
55378;2025-12-20;71;25198;16151,61
55379;2025-12-20;37;25200;35807,26
55380;2025-12-21;15;24621;125086,4
55381;2025-12-21;18;24660;182151,86
55382;2025-12-21;20;24753;251718,38
55383;2025-12-21;68;24831;58637,23
55384;2025-12-21;30;24836;76931,5
55385;2025-12-21;43;25006;8025,87
55386;2025-12-21;37;25035;80137,95
55387;2025-12-21;72;25117;77309,47
55388;2025-12-21;3;25118;49883,6
55389;2025-12-21;23;25139;871781,55
55390;2025-12-21;23;25158;560002,88
55391;2025-12-21;73;25173;488955,99
55392;2025-12-21;71;25602;11390,14
55393;2025-12-22;26;24048;35690,39
55394;2025-12-22;36;24528;126553,84
55395;2025-12-22;18;24652;28310,04
55396;2025-12-22;70;24828;40449,74
55397;2025-12-22;8;24845;205632,05
55398;2025-12-22;49;25084;29422,11
55399;2025-12-22;7;25090;752502,67
55400;2025-12-22;57;25111;333089,59
55401;2025-12-22;79;25134;24004,84
55402;2025-12-22;21;25143;26952,27
55403;2025-12-22;17;25152;255989,29
55404;2025-12-22;21;25181;33162,24
55405;2025-12-22;65;25269;87717,95
55406;2025-12-22;78;25324;57335,5
55407;2025-12-22;28;25497;164420,69
55408;2025-12-22;47;25620;126878,84
55409;2025-12-23;18;24656;241640,79
55410;2025-12-23;58;24825;141384,56
55411;2025-12-23;34;24854;85549,25
55412;2025-12-23;67;24899;168172,52
55413;2025-12-23;46;25114;791826,42
55414;2025-12-23;72;25140;53681,41
55415;2025-12-23;35;25141;357202,8
55416;2025-12-23;3;25145;43720,01
55417;2025-12-23;76;25151;59837,75
55418;2025-12-23;31;25156;394464,37
55419;2025-12-23;19;25177;73236,63
55420;2025-12-23;77;25216;1866,81
55421;2025-12-23;78;25262;89608,61
55422;2025-12-23;32;25308;136313,3
55423;2025-12-23;77;25365;2939,34
55424;2025-12-23;75;25417;10763,61
55425;2025-12-23;32;25496;308868,11
55426;2025-12-23;47;25549;152032,12
55427;2025-12-23;28;25593;107574,98
55428;2025-12-24;60;24394;72976,45
55429;2025-12-24;35;24970;86370,83
55430;2025-12-24;68;24977;12443,33
55431;2025-12-24;4;25091;89947,02
55432;2025-12-24;2;25119;426534,69
55433;2025-12-24;35;25121;493660,78
55434;2025-12-24;4;25123;215374,99
55435;2025-12-24;12;25213;21549,89
55436;2025-12-24;9;25289;30480,61
55437;2025-12-24;78;25459;10616,08
55438;2025-12-24;14;25579;31509,66
55439;2025-12-24;47;25621;158140,18
55440;2025-12-25;55;24010;30852,64
55441;2025-12-25;18;24612;133579,73
55442;2025-12-25;52;25013;44542,73
55443;2025-12-25;29;25032;142032,93
55444;2025-12-25;4;25095;155261,79
55445;2025-12-25;76;25133;27748,36
55446;2025-12-25;31;25135;382717,39
55447;2025-12-25;17;25144;87763,29
55448;2025-12-25;66;25147;42088,73
55449;2025-12-25;43;25154;28172,21
55450;2025-12-25;63;25176;20806,68
55451;2025-12-25;72;25206;56309,76
55452;2025-12-25;32;25329;334459,68
55453;2025-12-25;69;25415;90353,41
55454;2025-12-25;27;25420;11494,92
55455;2025-12-26;18;24562;108292,18
55456;2025-12-26;24;24953;62490,68
55457;2025-12-26;56;25167;50087,74
55458;2025-12-26;66;25175;97595,3
55459;2025-12-26;2;25228;283591,86
55460;2025-12-26;73;25241;605003,36
55461;2025-12-26;43;25246;69599,92
55462;2025-12-26;41;25314;21556,46
55463;2025-12-26;1;25360;34043,34
55464;2025-12-26;5;25642;43397,54
55465;2025-12-27;11;24422;25831,96
55466;2025-12-27;18;24588;150110,81
55467;2025-12-27;18;24675;172702,01
55468;2025-12-27;26;24701;28953,84
55469;2025-12-27;13;24739;57662,01
55470;2025-12-27;13;24940;38194,59
55471;2025-12-27;40;24945;293825,1
55472;2025-12-27;6;25017;158834,04
55473;2025-12-27;16;25055;514427,95
55474;2025-12-27;13;25146;62917,64
55475;2025-12-27;6;25187;316419,9
55476;2025-12-27;80;25197;413899,3
55477;2025-12-27;21;25250;68382,18
55478;2025-12-27;1;25362;11878,0
55479;2025-12-27;27;25371;61240,14
55480;2025-12-27;41;25407;46062,5
55481;2025-12-28;55;24061;39992,12
55482;2025-12-28;34;24726;75747,52
55483;2025-12-28;15;24742;74212,55
55484;2025-12-28;62;24897;146781,04
55485;2025-12-28;48;24901;11076,6
55486;2025-12-28;51;25028;56575,58
55487;2025-12-28;9;25103;23908,95
55488;2025-12-28;51;25124;66073,42
55489;2025-12-28;41;25155;11496,61
55490;2025-12-28;43;25171;22477,53
55491;2025-12-28;21;25234;58465,68
55492;2025-12-28;63;25239;36818,69
55493;2025-12-28;9;25244;10910,4
55494;2025-12-28;5;25364;13205,1
55495;2025-12-28;75;25485;150916,73
55496;2025-12-28;47;25599;69071,89
55497;2025-12-28;5;25643;57223,59
55498;2025-12-28;33;25695;29108,42
55499;2025-12-29;60;24163;52324,79
55500;2025-12-29;74;24269;307095,12
55501;2025-12-29;59;24835;46794,22
55502;2025-12-29;46;24958;135243,06
55503;2025-12-29;72;24960;50749,02
55504;2025-12-29;49;25084;20713,57
55505;2025-12-29;52;25099;128538,43
55506;2025-12-29;16;25184;597486,79
55507;2025-12-29;1;25190;54643,67
55508;2025-12-29;3;25253;44782,81
55509;2025-12-29;28;25646;58466,19
55510;2025-12-30;55;24133;25768,08
55511;2025-12-30;13;24646;17101,64
55512;2025-12-30;74;24938;428694,62
55513;2025-12-30;26;24976;57769,82
55514;2025-12-30;21;25143;15132,69
55515;2025-12-30;7;25149;935457,08
55516;2025-12-30;72;25210;53861,37
55517;2025-12-30;79;25229;45053,88
55518;2025-12-30;72;25245;20138,79
55519;2025-12-30;10;25248;64661,15
55520;2025-12-30;50;25284;20159,9
55521;2025-12-30;43;25312;11723,5
55522;2025-12-30;80;25315;222925,07
55523;2025-12-30;9;25377;71895,17
55524;2025-12-30;47;25676;53463,31
55525;2025-12-31;62;24881;52492,36
55526;2025-12-31;15;24900;101157,76
55527;2025-12-31;45;24930;101099,36
55528;2025-12-31;40;25018;266508,77
55529;2025-12-31;70;25148;63884,2
55530;2025-12-31;79;25256;27791,58
55531;2025-12-31;56;25265;15835,14
55532;2025-12-31;41;25440;57251,52
55533;2025-12-31;32;25498;199363,55
55534;2025-12-31;69;25608;164426,04
55535;2025-12-31;47;25693;172649,51
55536;2026-01-01;60;23949;190364,48
55537;2026-01-01;36;24528;76538,61
55538;2026-01-01;18;24640;187140,83
55539;2026-01-01;48;24745;12520,58
55540;2026-01-01;39;24915;48364,49
55541;2026-01-01;68;24977;6036,16
55542;2026-01-01;56;25077;28418,0
55543;2026-01-01;24;25122;101991,39
55544;2026-01-01;29;25129;57853,53
55545;2026-01-01;61;25192;78657,5
55546;2026-01-01;12;25313;50702,59
55547;2026-01-01;66;25338;65356,64
55548;2026-01-01;31;25347;243172,4
55549;2026-01-01;27;25540;49066,03
55550;2026-01-01;32;25583;116156,37
55551;2026-01-01;5;25682;26546,52
55552;2026-01-01;5;25712;36820,63
55553;2026-01-02;53;24244;45570,79
55554;2026-01-02;34;24756;42705,94
55555;2026-01-02;59;24920;37881,75
55556;2026-01-02;15;24941;103302,93
55557;2026-01-02;36;25014;66085,23
55558;2026-01-02;7;25075;803827,31
55559;2026-01-02;29;25161;10962,59
55560;2026-01-02;52;25189;27054,35
55561;2026-01-02;7;25191;611073,3
55562;2026-01-02;49;25255;44805,22
55563;2026-01-02;12;25270;51006,89
55564;2026-01-02;6;25319;259857,05
55565;2026-01-02;9;25334;51576,94
55566;2026-01-02;66;25336;53262,6
55567;2026-01-02;38;25357;161808,85
55568;2026-01-02;14;25661;78279,78
55569;2026-01-02;28;25697;78582,38
55570;2026-01-03;20;24950;83938,8
55571;2026-01-03;74;24989;241314,59
55572;2026-01-03;51;25022;27584,56
55573;2026-01-03;36;25060;175558,99
55574;2026-01-03;52;25186;83604,94
55575;2026-01-03;29;25201;67216,68
55576;2026-01-03;9;25285;36645,89
55577;2026-01-03;9;25421;55035,77
55578;2026-01-03;28;25683;164319,08
55579;2026-01-03;71;25711;10194,65
55580;2026-01-03;5;25738;57557,1
55581;2026-01-04;55;24530;15180,14
55582;2026-01-04;62;24878;39255,58
55583;2026-01-04;59;24968;114951,23
55584;2026-01-04;54;25021;51769,01
55585;2026-01-04;16;25207;639989,6
55586;2026-01-04;50;25261;116110,99
55587;2026-01-04;79;25311;76093,05
55588;2026-01-04;19;25340;52919,21
55589;2026-01-04;17;25354;251165,81
55590;2026-01-04;77;25464;6999,71
55591;2026-01-04;41;25564;20242,72
55592;2026-01-04;33;25719;14221,45
55593;2026-01-05;36;24698;80648,92
55594;2026-01-05;39;24905;28574,47
55595;2026-01-05;13;25157;68287,84
55596;2026-01-05;61;25240;63273,24
55597;2026-01-05;4;25259;99008,0
55598;2026-01-05;80;25264;310100,24
55599;2026-01-05;6;25275;449052,39
55600;2026-01-05;6;25304;446235,18
55601;2026-01-06;60;23983;27546,88
55602;2026-01-06;74;24189;204278,74
55603;2026-01-06;18;24866;126333,96
55604;2026-01-06;20;24922;158443,12
55605;2026-01-06;13;25040;86451,27
55606;2026-01-06;67;25127;428013,77
55607;2026-01-06;37;25258;40620,95
55608;2026-01-06;64;25288;34249,12
55609;2026-01-06;23;25291;197101,84
55610;2026-01-06;80;25307;228820,38
55611;2026-01-06;2;25370;365802,17
55612;2026-01-06;63;25396;23348,99
55613;2026-01-06;70;25403;84701,42
55614;2026-01-06;70;25438;114893,76
55615;2026-01-06;27;25574;35754,44
55616;2026-01-06;78;25605;28925,01
55617;2026-01-07;45;24503;175353,97
55618;2026-01-07;20;25015;38528,56
55619;2026-01-07;44;25059;637292,33
55620;2026-01-07;68;25217;69925,4
55621;2026-01-07;57;25295;159858,44
55622;2026-01-07;17;25305;382659,39
55623;2026-01-07;63;25335;14048,0
55624;2026-01-07;41;25562;40958,46
55625;2026-01-07;28;25646;65238,95
55626;2026-01-08;39;24983;51958,72
55627;2026-01-08;67;25310;306047,81
55628;2026-01-08;8;25322;259349,77
55629;2026-01-08;76;25361;119521,86
55630;2026-01-08;80;25412;313812,16
55631;2026-01-09;54;24712;8501,0
55632;2026-01-09;18;24740;162476,58
55633;2026-01-09;62;24881;60811,67
55634;2026-01-09;54;24952;21889,46
55635;2026-01-09;39;24956;37884,82
55636;2026-01-09;61;25108;73321,91
55637;2026-01-09;40;25301;1183898,39
55638;2026-01-09;35;25344;408300,75
55639;2026-01-09;63;25346;16145,44
55640;2026-01-09;12;25351;32187,19
55641;2026-01-09;49;25404;107023,79
55642;2026-01-09;25;25414;110867,51
55643;2026-01-09;72;25443;41211,35
55644;2026-01-09;80;25451;180885,42
55645;2026-01-09;43;25454;16431,28
55646;2026-01-09;78;25520;28874,22
55647;2026-01-09;27;25539;25185,71
55648;2026-01-09;27;25644;22683,89
55649;2026-01-10;55;24057;8812,08
55650;2026-01-10;26;25066;56823,22
55651;2026-01-10;66;25175;63882,26
55652;2026-01-10;51;25257;17934,54
55653;2026-01-10;1;25273;16397,69
55654;2026-01-10;17;25390;207800,2
55655;2026-01-10;21;25430;93483,88
55656;2026-01-11;39;25039;32369,93
55657;2026-01-11;16;25086;295708,46
55658;2026-01-11;8;25194;103841,34
55659;2026-01-11;68;25219;25557,25
55660;2026-01-11;16;25251;735808,05
55661;2026-01-11;10;25379;38710,3
55662;2026-01-11;10;25382;44328,08
55663;2026-01-11;46;25400;226532,53
55664;2026-01-11;80;25410;663024,92
55665;2026-01-11;23;25432;1144343,96
55666;2026-01-11;3;25473;112546,49
55667;2026-01-11;69;25606;54693,13
55668;2026-01-11;77;25623;62475,2
55669;2026-01-11;27;25667;45189,83
55670;2026-01-11;78;25756;103686,56
55671;2026-01-11;47;25817;55756,82
55672;2026-01-12;53;24525;86021,26
55673;2026-01-12;11;24707;72332,76
55674;2026-01-12;18;24782;61968,33
55675;2026-01-12;67;24899;127624,28
55676;2026-01-12;20;25038;153373,46
55677;2026-01-12;15;25071;159963,31
55678;2026-01-12;13;25080;27760,48
55679;2026-01-12;52;25138;99533,11
55680;2026-01-12;29;25161;15481,3
55681;2026-01-12;52;25204;48419,03
55682;2026-01-12;40;25223;557097,29
55683;2026-01-12;8;25276;122666,46
55684;2026-01-12;51;25320;145887,45
55685;2026-01-12;67;25342;336399,49
55686;2026-01-12;29;25376;71367,99
55687;2026-01-12;50;25391;86563,19
55688;2026-01-12;57;25441;410179,9
55689;2026-01-12;76;25442;76090,78
55690;2026-01-12;73;25452;603716,69
55691;2026-01-12;10;25478;23331,01
55692;2026-01-12;10;25480;58492,21
55693;2026-01-12;70;25512;41489,11
55694;2026-01-12;1;25553;7251,54
55695;2026-01-12;77;25650;43721,82
55696;2026-01-12;71;25785;5339,93
55697;2026-01-12;14;25826;48798,27
55698;2026-01-13;74;24636;594736,28
55699;2026-01-13;39;25002;54289,68
55700;2026-01-13;49;25007;63845,46
55701;2026-01-13;52;25013;61904,26
55702;2026-01-13;30;25182;44644,67
55703;2026-01-13;32;25195;54524,14
55704;2026-01-13;29;25202;99733,94
55705;2026-01-13;56;25398;50978,51
55706;2026-01-13;35;25418;395986,58
55707;2026-01-13;73;25429;939084,35
55708;2026-01-13;27;25680;8196,89
55709;2026-01-13;69;25717;17504,96
55710;2026-01-13;47;25792;82287,71
55711;2026-01-14;39;25045;77515,64
55712;2026-01-14;40;25178;1215813,36
55713;2026-01-14;67;25180;464333,8
55714;2026-01-14;8;25237;61981,02
55715;2026-01-14;70;25353;56193,74
55716;2026-01-14;76;25416;15243,17
55717;2026-01-14;22;25431;58948,8
55718;2026-01-14;66;25446;38237,91
55719;2026-01-14;58;25470;279133,02
55720;2026-01-14;22;25475;53577,87
55721;2026-01-14;21;25504;78213,28
55722;2026-01-14;75;25635;398551,54
55723;2026-01-15;60;24163;27525,01
55724;2026-01-15;8;25211;94459,91
55725;2026-01-15;24;25290;48446,08
55726;2026-01-15;44;25341;738569,04
55727;2026-01-15;49;25445;86870,65
55728;2026-01-15;6;25466;208304,7
55729;2026-01-15;31;25467;287253,79
55730;2026-01-15;80;25486;320411,62
55731;2026-01-15;23;25489;419147,3
55732;2026-01-15;65;25508;99346,94
55733;2026-01-15;69;25654;26373,02
55734;2026-01-16;53;24423;37533,76
55735;2026-01-16;11;24918;34354,04
55736;2026-01-16;18;24972;161572,68
55737;2026-01-16;15;25116;89893,04
55738;2026-01-16;40;25169;365428,11
55739;2026-01-16;79;25256;29723,55
55740;2026-01-16;61;25277;52314,85
55741;2026-01-16;31;25347;149987,57
55742;2026-01-16;40;25352;405519,84
55743;2026-01-16;70;25383;5414,43
55744;2026-01-16;52;25409;181030,73
55745;2026-01-16;76;25535;47793,63
55746;2026-01-16;31;25541;700313,51
55747;2026-01-16;75;25677;135181,97
55748;2026-01-16;28;25846;62243,46
55749;2026-01-17;13;24631;139082,99
55750;2026-01-17;60;24703;125873,24
55751;2026-01-17;29;25172;40449,73
55752;2026-01-17;36;25300;379077,96
55753;2026-01-17;27;25355;22367,79
55754;2026-01-17;22;25469;43384,38
55755;2026-01-17;31;25515;428182,12
55756;2026-01-17;38;25527;92929,79
55757;2026-01-17;41;25707;80628,61
55758;2026-01-18;34;24854;89925,88
55759;2026-01-18;45;24984;176607,12
55760;2026-01-18;62;25082;87014,18
55761;2026-01-18;62;25096;38250,67
55762;2026-01-18;11;25254;33596,85
55763;2026-01-18;16;25278;591127,68
55764;2026-01-18;68;25330;138018,21
55765;2026-01-18;17;25390;177307,54
55766;2026-01-18;40;25422;312522,9
55767;2026-01-18;78;25459;15135,17
55768;2026-01-18;76;25474;10982,62
55769;2026-01-18;50;25493;81139,81
55770;2026-01-18;1;25627;27699,6
55771;2026-01-18;78;25742;65956,97
55772;2026-01-18;69;25820;10721,9
55773;2026-01-18;28;25871;199468,66
55774;2026-01-18;33;25885;116604,18
55775;2026-01-19;11;24449;10604,1
55776;2026-01-19;55;24855;12397,1
55777;2026-01-19;34;24979;108372,95
55778;2026-01-19;9;25103;13726,74
55779;2026-01-19;20;25105;283009,29
55780;2026-01-19;64;25309;83984,22
55781;2026-01-19;1;25362;6991,58
55782;2026-01-19;2;25575;284255,45
55783;2026-01-19;31;25578;236998,15
55784;2026-01-19;42;25702;118356,62
55785;2026-01-19;71;25785;6646,96
55786;2026-01-20;40;25018;178509,26
55787;2026-01-20;16;25225;751648,0
55788;2026-01-20;67;25326;365154,76
55789;2026-01-20;4;25393;180231,22
55790;2026-01-20;61;25408;13190,02
55791;2026-01-20;65;25424;26744,34
55792;2026-01-20;70;25447;97482,6
55793;2026-01-20;4;25455;86987,31
55794;2026-01-20;21;25500;15026,06
55795;2026-01-20;49;25502;32998,18
55796;2026-01-20;35;25518;152835,21
55797;2026-01-20;17;25532;413573,78
55798;2026-01-20;73;25558;506887,15
55799;2026-01-20;21;25565;111664,22
55800;2026-01-20;3;25600;87297,79
55801;2026-01-20;27;25704;15390,92
55802;2026-01-20;75;25737;112254,83
55803;2026-01-20;27;25739;33051,71
55804;2026-01-20;71;25918;16057,08
55805;2026-01-21;13;24743;87115,48
55806;2026-01-21;34;24797;95033,41
55807;2026-01-21;45;24851;72335,56
55808;2026-01-21;74;25208;154916,52
55809;2026-01-21;67;25397;317657,79
55810;2026-01-21;72;25495;46751,9
55811;2026-01-21;66;25503;154425,11
55812;2026-01-21;9;25531;11169,9
55813;2026-01-21;3;25546;41234,91
55814;2026-01-21;1;25559;20556,37
55815;2026-01-21;34;25581;21830,16
55816;2026-01-21;76;25601;125703,43
55817;2026-01-22;36;25110;303227,37
55818;2026-01-22;23;25291;110168,33
55819;2026-01-22;51;25328;109760,81
55820;2026-01-22;66;25336;56694,25
55821;2026-01-22;61;25387;21948,22
55822;2026-01-22;21;25555;18428,44
55823;2026-01-22;46;25585;298015,75
55824;2026-01-22;3;25609;72906,54
55825;2026-01-22;3;25619;63754,83
55826;2026-01-22;71;25869;13836,06
55827;2026-01-23;52;25189;28782,73
55828;2026-01-23;48;25214;25630,15
55829;2026-01-23;24;25266;119354,63
55830;2026-01-23;57;25295;211482,69
55831;2026-01-23;40;25521;865585,09
55832;2026-01-23;57;25525;671958,76
55833;2026-01-23;2;25530;531358,9
55834;2026-01-23;21;25548;64769,51
55835;2026-01-23;65;25576;63659,16
55836;2026-01-23;76;25611;95020,54
55837;2026-01-23;72;25636;99176,91
55838;2026-01-24;11;24676;2620,69
55839;2026-01-24;70;25148;38063,79
55840;2026-01-24;10;25248;60911,55
55841;2026-01-24;29;25427;28826,6
55842;2026-01-24;30;25477;79208,56
55843;2026-01-24;22;25588;68608,94
55844;2026-01-24;12;25604;60900,71
55845;2026-01-24;25;25655;47967,37
55846;2026-01-24;65;25691;26552,43
55847;2026-01-24;32;25834;96927,96
55848;2026-01-25;62;25212;62369,4
55849;2026-01-25;52;25280;88946,24
55850;2026-01-25;64;25428;39593,61
55851;2026-01-25;43;25566;32673,33
55852;2026-01-25;56;25582;37964,82
55853;2026-01-25;58;25590;152176,66
55854;2026-01-25;12;25592;56808,51
55855;2026-01-25;31;25598;410604,59
55856;2026-01-25;38;25664;52891,95
55857;2026-01-25;14;25891;66595,74
55858;2026-01-26;53;24373;149226,43
55859;2026-01-26;74;25047;684871,37
55860;2026-01-26;61;25279;111909,68
55861;2026-01-26;4;25331;59485,11
55862;2026-01-26;52;25510;194365,58
55863;2026-01-26;68;25511;62536,42
55864;2026-01-26;37;25556;112968,54
55865;2026-01-26;2;25563;218814,69
55866;2026-01-26;6;25573;531516,41
55867;2026-01-26;35;25630;194841,37
55868;2026-01-26;43;25649;27536,73
55869;2026-01-26;49;25656;136925,73
55870;2026-01-26;49;25673;28168,3
55871;2026-01-26;17;25685;356614,04
55872;2026-01-26;22;25688;31591,95
55873;2026-01-26;1;25734;13235,85
55874;2026-01-26;27;25794;79289,33
55875;2026-01-26;77;25822;35317,81
55876;2026-01-27;18;24991;59524,7
55877;2026-01-27;54;25100;32542,85
55878;2026-01-27;24;25437;81822,44
55879;2026-01-27;52;25472;284477,66
55880;2026-01-27;37;25595;36752,25
55881;2026-01-27;10;25613;89630,74
55882;2026-01-27;3;25617;53729,84
55883;2026-01-27;49;25660;116586,12
55884;2026-01-27;9;25672;32269,71
55885;2026-01-27;49;25678;46659,1
55886;2026-01-27;80;25684;500102,14
55887;2026-01-27;33;25695;17201,49
55888;2026-01-27;32;25720;161037,39
55889;2026-01-27;41;25827;9561,4
55890;2026-01-28;15;25226;103353,72
55891;2026-01-28;6;25466;92224,66
55892;2026-01-28;38;25527;59605,04
55893;2026-01-28;4;25545;248692,96
55894;2026-01-28;80;25616;507294,81
55895;2026-01-28;1;25641;15739,67
55896;2026-01-28;46;25652;459188,76
55897;2026-01-28;6;25653;342973,99
55898;2026-01-28;58;25671;210753,93
55899;2026-01-28;50;25675;111760,35
55900;2026-01-28;31;25701;367864,33
55901;2026-01-28;78;25763;69350,36
55902;2026-01-28;28;25871;104002,49
55903;2026-01-29;53;24233;65152,49
55904;2026-01-29;60;24531;192823,97
55905;2026-01-29;59;25196;130565,34
55906;2026-01-29;62;25218;43017,03
55907;2026-01-29;76;25474;6444,32
55908;2026-01-29;7;25481;643362,46
55909;2026-01-29;30;25537;84397,15
55910;2026-01-29;80;25634;200376,22
55911;2026-01-29;46;25657;314376,9
55912;2026-01-29;58;25663;510148,74
55913;2026-01-29;3;25679;47442,42
55914;2026-01-29;69;25790;54277,35
55915;2026-01-29;75;25825;264508,72
55916;2026-01-29;28;25972;182437,62
55917;2026-01-30;15;25222;175725,4
55918;2026-01-30;12;25270;22412,96
55919;2026-01-30;13;25333;93531,88
55920;2026-01-30;7;25385;684261,29
55921;2026-01-30;51;25484;18174,1
55922;2026-01-30;37;25629;122820,28
55923;2026-01-30;40;25637;431573,95
55924;2026-01-30;76;25674;93910,09
55925;2026-01-30;43;25709;39118,38
55926;2026-01-30;58;25715;267163,17
55927;2026-01-31;53;24244;23024,16
55928;2026-01-31;39;25045;71671,15
55929;2026-01-31;59;25294;33233,75
55930;2026-01-31;52;25413;58436,01
55931;2026-01-31;76;25648;16239,89
55932;2026-01-31;41;25867;28806,9
55933;2026-01-31;14;26001;86650,0
55934;2026-02-01;60;24586;27188,77
55935;2026-02-01;52;25204;24293,16
55936;2026-02-01;39;25325;63645,34
55937;2026-02-01;24;25607;157725,48
55938;2026-02-01;24;25647;31138,74
55939;2026-02-01;2;25666;447236,38
55940;2026-02-01;17;25718;244509,12
55941;2026-02-01;25;25725;106989,32
55942;2026-02-01;78;25808;157607,09
55943;2026-02-01;27;25821;7395,59
55944;2026-02-01;77;25859;8066,2
55945;2026-02-01;75;25861;74216,98
55946;2026-02-01;5;25959;66468,64
55947;2026-02-01;71;26000;44401,89
55948;2026-02-02;55;24875;9511,92
55949;2026-02-02;45;25050;180938,3
55950;2026-02-02;13;25085;54918,29
55951;2026-02-02;39;25302;54309,97
55952;2026-02-02;64;25405;35239,24
55953;2026-02-02;7;25435;567664,91
55954;2026-02-02;80;25451;218933,33
55955;2026-02-02;8;25526;163006,2
55956;2026-02-02;1;25553;7799,38
55957;2026-02-02;2;25669;244327,64
55958;2026-02-02;1;25670;41629,88
55959;2026-02-02;25;25703;43268,98
55960;2026-02-02;42;25818;86398,43
55961;2026-02-02;32;25875;253963,38
55962;2026-02-03;74;24818;234033,68
55963;2026-02-03;18;25019;207826,52
55964;2026-02-03;15;25298;144867,58
55965;2026-02-03;16;25461;810417,94
55966;2026-02-03;7;25490;446391,75
55967;2026-02-03;44;25686;264835,86
55968;2026-02-03;72;25699;137154,41
55969;2026-02-03;43;25752;27904,12
55970;2026-02-03;69;25957;93194,55
55971;2026-02-03;47;26020;175439,92
55972;2026-02-04;54;24952;21845,48
55973;2026-02-04;54;25220;109860,61
55974;2026-02-04;18;25230;203710,56
55975;2026-02-04;30;25501;73583,18
55976;2026-02-04;35;25518;81667,11
55977;2026-02-04;29;25523;50068,54
55978;2026-02-04;65;25645;67494,73
55979;2026-02-04;61;25668;116005,29
55980;2026-02-04;12;25723;32081,59
55981;2026-02-04;3;25741;8062,25
55982;2026-02-04;25;25759;41255,81
55983;2026-02-04;79;25767;26944,23
55984;2026-02-04;49;25771;60708,98
55985;2026-02-04;32;25925;119800,51
55986;2026-02-05;53;24359;45871,42
55987;2026-02-05;20;25332;237397,48
55988;2026-02-05;20;25367;135687,53
55989;2026-02-05;30;25529;76755,87
55990;2026-02-05;30;25537;41248,98
55991;2026-02-05;8;25542;121551,83
55992;2026-02-05;27;25644;20457,46
55993;2026-02-05;16;25659;313125,76
55994;2026-02-05;12;25706;5191,01
55995;2026-02-05;23;25730;941270,12
55996;2026-02-05;38;25761;138445,42
55997;2026-02-06;60;25072;215346,61
55998;2026-02-06;18;25153;37956,82
55999;2026-02-06;62;25296;17128,32
56000;2026-02-06;36;25450;188017,42
56001;2026-02-06;16;25505;852767,9
56002;2026-02-06;68;25522;31224,7
56003;2026-02-06;30;25584;16739,22
56004;2026-02-06;51;25716;31832,43
56005;2026-02-06;56;25726;88938,06
56006;2026-02-06;57;25729;151706,18
56007;2026-02-06;9;25799;18001,6
56008;2026-02-06;70;25839;60612,11
56009;2026-02-06;5;26031;55576,88
56010;2026-02-07;74;24934;236988,4
56011;2026-02-07;62;25384;208580,58
56012;2026-02-07;45;25476;31153,6
56013;2026-02-07;44;25519;660952,1
56014;2026-02-07;51;25572;43811,32
56015;2026-02-07;58;25671;215684,35
56016;2026-02-07;9;25714;6382,33
56017;2026-02-07;9;25722;24378,44
56018;2026-02-07;58;25757;609465,14
56019;2026-02-07;65;25762;58967,18
56020;2026-02-07;58;25766;646164,79
56021;2026-02-07;41;25877;24239,86
56022;2026-02-07;41;25889;60105,82
56023;2026-02-07;42;25894;67171,09
56024;2026-02-07;41;25897;10631,78
56025;2026-02-07;27;25905;62029,71
56026;2026-02-08;74;24872;282876,0
56027;2026-02-08;34;25030;16101,13
56028;2026-02-08;26;25056;99590,8
56029;2026-02-08;64;25309;53963,44
56030;2026-02-08;4;25331;81967,12
56031;2026-02-08;54;25345;9298,6
56032;2026-02-08;62;25374;101800,44
56033;2026-02-08;9;25531;11258,67
56034;2026-02-08;44;25533;495549,63
56035;2026-02-08;1;25641;17799,79
56036;2026-02-08;61;25710;78172,88
56037;2026-02-08;9;25724;63148,69
56038;2026-02-08;23;25754;744261,03
56039;2026-02-09;26;24997;200256,0
56040;2026-02-09;53;25065;18853,22
56041;2026-02-09;62;25356;31464,51
56042;2026-02-09;62;25369;74007,66
56043;2026-02-09;61;25746;57353,82
56044;2026-02-09;73;25786;554305,73
56045;2026-02-09;17;25795;150838,57
56046;2026-02-09;77;25883;14385,29
56047;2026-02-09;28;26023;97985,27
56048;2026-02-10;55;24875;13307,72
56049;2026-02-10;62;25395;42628,25
56050;2026-02-10;46;25400;198705,92
56051;2026-02-10;11;25439;8702,13
56052;2026-02-10;50;25773;105971,68
56053;2026-02-10;17;25776;367634,9
56054;2026-02-10;31;25784;368606,44
56055;2026-02-10;35;25797;247386,05
56056;2026-02-10;2;25801;299324,64
56057;2026-02-11;60;24485;47933,21
56058;2026-02-11;26;24906;35393,56
56059;2026-02-11;4;25455;57359,87
56060;2026-02-11;20;25482;62711,74
56061;2026-02-11;30;25536;9881,02
56062;2026-02-11;7;25687;448835,33
56063;2026-02-11;4;25748;169175,81
56064;2026-02-11;56;25768;59245,85
56065;2026-02-11;70;25782;35477,36
56066;2026-02-11;2;25812;304376,36
56067;2026-02-11;72;25836;80337,32
56068;2026-02-11;71;26035;47565,81
56069;2026-02-11;14;26045;14491,84
56070;2026-02-11;5;26069;92221,44
56071;2026-02-12;72;25495;29242,75
56072;2026-02-12;7;25569;255371,7
56073;2026-02-12;68;25596;62674,15
56074;2026-02-12;64;25628;94657,14
56075;2026-02-12;51;25639;10846,7
56076;2026-02-12;9;25731;40311,18
56077;2026-02-12;30;25733;29973,77
56078;2026-02-12;80;25793;413887,04
56079;2026-02-12;58;25814;201732,39
56080;2026-02-12;80;25849;324452,12
56081;2026-02-12;23;25850;507767,34
56082;2026-02-13;18;25153;38879,13
56083;2026-02-13;74;25163;277827,58
56084;2026-02-13;18;25252;70337,63
56085;2026-02-13;36;25316;364931,39
56086;2026-02-13;52;25413;31615,7
56087;2026-02-13;15;25509;87059,44
56088;2026-02-13;54;25557;55933,99
56089;2026-02-13;24;25561;65001,64
56090;2026-02-13;16;25580;152243,38
56091;2026-02-13;67;25622;321503,5
56092;2026-02-13;72;25796;26973,78
56093;2026-02-13;25;25798;35516,31
56094;2026-02-13;57;25807;370949,94
56095;2026-02-13;50;25823;22891,86
56096;2026-02-13;31;25854;370792,69
56097;2026-02-13;27;25947;36653,02
56098;2026-02-13;47;26106;173418,24
56099;2026-02-14;60;24780;226873,55
56100;2026-02-14;18;24972;84899,66
56101;2026-02-14;20;25483;99316,29
56102;2026-02-14;48;25488;43761,92
56103;2026-02-14;48;25517;28501,05
56104;2026-02-14;44;25589;511780,92
56105;2026-02-14;7;25624;645070,07
56106;2026-02-14;64;25640;35748,89
56107;2026-02-14;44;25732;1388999,48
56108;2026-02-14;51;25749;97599,77
56109;2026-02-14;70;25764;37426,68
56110;2026-02-14;37;25770;19998,52
56111;2026-02-14;67;25779;513255,28
56112;2026-02-14;43;25824;4561,46
56113;2026-02-14;14;26041;55654,1
56114;2026-02-14;47;26098;205563,33
56115;2026-02-15;18;25170;65373,94
56116;2026-02-15;29;25427;20404,97
56117;2026-02-15;11;25465;41076,75
56118;2026-02-15;4;25745;91282,64
56119;2026-02-15;61;25753;14335,58
56120;2026-02-15;9;25787;61915,03
56121;2026-02-15;46;25833;172024,62
56122;2026-02-15;35;25837;395841,23
56123;2026-02-15;75;25978;166772,21
56124;2026-02-16;55;24879;24567,9
56125;2026-02-16;74;24934;271175,63
56126;2026-02-16;62;25218;49298,64
56127;2026-02-16;34;25358;90096,02
56128;2026-02-16;34;25516;103489,17
56129;2026-02-16;30;25614;212819,84
56130;2026-02-16;9;25714;5657,27
56131;2026-02-16;4;25751;55267,4
56132;2026-02-16;58;25866;349554,18
56133;2026-02-16;41;25867;21300,92
56134;2026-02-16;19;25882;94623,4
56135;2026-02-16;1;25933;52139,37
56136;2026-02-16;5;26120;108356,25
56137;2026-02-17;54;24935;70667,91
56138;2026-02-17;13;25081;43489,3
56139;2026-02-17;44;25686;367443,3
56140;2026-02-17;61;25696;181081,46
56141;2026-02-17;68;25813;78481,19
56142;2026-02-17;49;25848;43905,15
56143;2026-02-17;6;25870;500188,21
56144;2026-02-17;12;25874;10458,76
56145;2026-02-17;38;25879;313352,42
56146;2026-02-17;43;25884;6604,24
56147;2026-02-17;78;25924;76082,39
56148;2026-02-18;54;25349;80699,07
56149;2026-02-18;20;25514;246663,59
56150;2026-02-18;22;25688;15280,56
56151;2026-02-18;61;25708;58248,98
56152;2026-02-18;24;25728;12075,36
56153;2026-02-18;68;25735;76535,86
56154;2026-02-18;49;25841;103554,15
56155;2026-02-18;47;26110;69664,63
56156;2026-02-19;34;25378;43038,99
56157;2026-02-19;48;25492;2377,18
56158;2026-02-19;3;25546;25044,39
56159;2026-02-19;62;25554;24178,4
56160;2026-02-19;15;25571;60184,96
56161;2026-02-19;13;25651;36515,58
56162;2026-02-19;67;25740;330546,76
56163;2026-02-19;16;25815;447544,64
56164;2026-02-19;79;25852;22439,91
56165;2026-02-19;43;25892;57208,97
56166;2026-02-19;57;25910;296227,83
56167;2026-02-20;16;25461;545251,05
56168;2026-02-20;15;25538;72295,86
56169;2026-02-20;59;25544;33740,86
56170;2026-02-20;12;25706;7310,79
56171;2026-02-20;29;25760;76688,07
56172;2026-02-20;40;25811;482028,79
56173;2026-02-20;23;25853;617097,42
56174;2026-02-20;58;25887;546871,9
56175;2026-02-20;17;25917;130689,12
56176;2026-02-20;5;26115;77850,69
56177;2026-02-21;74;24885;542668,35
56178;2026-02-21;54;24929;26172,06
56179;2026-02-21;62;25356;22561,38
56180;2026-02-21;39;25568;56050,45
56181;2026-02-21;17;25795;122517,95
56182;2026-02-21;19;25862;114654,24
56183;2026-02-21;43;25863;9158,79
56184;2026-02-21;37;25878;51662,0
56185;2026-02-21;12;25898;17070,06
56186;2026-02-21;66;25908;44504,74
56187;2026-02-21;12;25920;45187,26
56188;2026-02-21;33;26190;39349,92
56189;2026-02-22;74;25392;454199,51
56190;2026-02-22;18;25399;110708,64
56191;2026-02-22;52;25510;109105,01
56192;2026-02-22;44;25744;675759,18
56193;2026-02-22;25;25798;20630,29
56194;2026-02-22;16;25830;432808,03
56195;2026-02-22;6;25873;207199,17
56196;2026-02-22;17;25886;158208,06
56197;2026-02-22;25;25923;104673,84
56198;2026-02-22;42;26044;19080,84
56199;2026-02-23;53;24542;41360,23
56200;2026-02-23;39;25567;89228,73
56201;2026-02-23;20;25570;119215,25
56202;2026-02-23;39;25632;7326,36
56203;2026-02-23;4;25755;144697,62
56204;2026-02-23;30;25769;22300,67
56205;2026-02-23;51;25843;39343,7
56206;2026-02-23;61;25856;50331,06
56207;2026-02-23;73;25868;532715,06
56208;2026-02-23;17;25895;328887,06
56209;2026-02-23;2;25921;309613,27
56210;2026-02-23;75;26004;151854,36
56211;2026-02-23;28;26144;157074,98
56212;2026-02-24;15;25577;369952,71
56213;2026-02-24;37;25844;123552,15
56214;2026-02-24;3;25893;147018,19
56215;2026-02-24;21;25899;76989,17
56216;2026-02-24;69;26123;48716,0
56217;2026-02-24;71;26212;46785,24
56218;2026-02-25;53;25065;23969,29
56219;2026-02-25;44;25791;767528,31
56220;2026-02-25;44;25805;849144,06
56221;2026-02-25;41;25897;14238,46
56222;2026-02-25;19;25935;30959,18
56223;2026-02-25;38;25936;246971,63
56224;2026-02-25;14;26045;20147,05
56225;2026-02-26;59;25294;21224,08
56226;2026-02-26;18;25348;94126,32
56227;2026-02-26;7;25765;421831,28
56228;2026-02-26;35;25797;297740,62
56229;2026-02-26;29;25806;53882,86
56230;2026-02-26;31;25901;260415,32
56231;2026-02-26;21;25912;57115,03
56232;2026-02-26;33;26204;165032,94
56233;2026-02-26;28;26229;232380,17
56234;2026-02-27;34;25378;64140,33
56235;2026-02-27;9;25799;26646,8
56236;2026-02-27;12;25874;5082,71
56237;2026-02-27;63;25928;46463,32
56238;2026-02-27;73;25974;363565,74
56239;2026-02-28;37;25770;14301,84
56240;2026-02-28;64;25778;45729,37
56241;2026-02-28;29;25789;4928,68
56242;2026-02-28;66;25926;26413,72
56243;2026-02-28;72;25944;65884,33
56244;2026-03-01;74;25551;323798,08
56245;2026-03-01;45;25662;139395,62
56246;2026-03-01;20;25692;119659,68
56247;2026-03-01;30;25743;92297,5
56248;2026-03-01;4;25829;167383,55
56249;2026-03-01;36;25860;41001,24
56250;2026-03-01;70;25880;16188,55
56251;2026-03-01;34;25907;11742,24
56252;2026-03-01;80;25929;432387,19
56253;2026-03-01;72;25948;137255,1
56254;2026-03-01;72;25973;51033,16
56255;2026-03-02;60;24586;39028,98
56256;2026-03-02;11;25268;7865,05
56257;2026-03-02;16;25855;1304622,37
56258;2026-03-02;1;25903;79007,99
56259;2026-03-02;66;25977;51770,86
56260;2026-03-02;1;26048;26801,6
56261;2026-03-02;14;26266;101096,78
56262;2026-03-03;18;25170;35446,78
56263;2026-03-03;26;25286;50540,68
56264;2026-03-03;62;25554;25484,69
56265;2026-03-03;11;25603;24951,28
56266;2026-03-03;39;25632;4368,84
56267;2026-03-03;61;25710;48510,79
56268;2026-03-03;15;25721;126787,76
56269;2026-03-03;62;25736;186752,24
56270;2026-03-03;21;25945;107576,52
56271;2026-03-03;2;25954;465706,3
56272;2026-03-03;6;25982;446914,86
56273;2026-03-03;56;25997;37322,01
56274;2026-03-03;27;26140;68446,21
56275;2026-03-04;34;25030;20239,23
56276;2026-03-04;18;25252;91974,07
56277;2026-03-04;13;25626;28096,01
56278;2026-03-04;30;25857;92594,07
56279;2026-03-04;72;25969;88717,33
56280;2026-03-04;38;25971;227963,22
56281;2026-03-04;12;25985;2826,48
56282;2026-03-04;22;26010;27200,29
56283;2026-03-04;65;26059;27913,81
56284;2026-03-04;32;26084;107139,8
56285;2026-03-04;75;26153;100537,02
56286;2026-03-04;71;26291;19078,4
56287;2026-03-05;54;25463;48926,68
56288;2026-03-05;16;25896;931127,05
56289;2026-03-05;27;25905;46712,47
56290;2026-03-05;19;25979;54875,71
56291;2026-03-06;55;25136;15477,53
56292;2026-03-06;62;25705;71885,14
56293;2026-03-06;30;25733;39416,91
56294;2026-03-06;7;25913;536512,13
56295;2026-03-06;17;25917;106950,8
56296;2026-03-06;51;25952;67659,58
56297;2026-03-06;57;26011;473454,46
56298;2026-03-06;79;26030;30023,8
56299;2026-03-06;27;26157;44241,19
56300;2026-03-06;75;26176;176798,71
56301;2026-03-06;33;26296;26185,96
56302;2026-03-06;33;26319;76381,39
56303;2026-03-07;62;25777;11777,94
56304;2026-03-07;40;25876;520771,64
56305;2026-03-07;70;25950;119578,15
56306;2026-03-07;3;25998;53236,17
56307;2026-03-07;21;26003;46791,37
56308;2026-03-07;56;26032;81386,31
56309;2026-03-08;13;25238;21003,8
56310;2026-03-08;18;25698;309016,94
56311;2026-03-08;39;25783;77302,32
56312;2026-03-08;8;25800;198833,14
56313;2026-03-08;40;25816;741507,01
56314;2026-03-08;61;25906;108138,82
56315;2026-03-08;27;25947;33583,99
56316;2026-03-08;73;26005;1017109,14
56317;2026-03-08;19;26007;128444,05
56318;2026-03-08;49;26014;157340,74
56319;2026-03-08;69;26240;28443,48
56320;2026-03-09;20;25692;85522,77
56321;2026-03-09;64;25845;92272,93
56322;2026-03-09;30;25911;44075,2
56323;2026-03-09;23;26027;310170,32
56324;2026-03-09;37;26060;139939,03
56325;2026-03-09;37;26122;20008,99
56326;2026-03-09;78;26187;40896,51
56327;2026-03-10;53;25205;87328,29
56328;2026-03-10;15;25571;44499,68
56329;2026-03-10;15;25788;71206,49
56330;2026-03-10;2;25812;199812,45
56331;2026-03-10;68;25838;62578,53
56332;2026-03-10;56;26008;66098,89
56333;2026-03-10;76;26009;95185,69
56334;2026-03-10;2;26024;175480,52
56335;2026-03-10;31;26025;291563,88
56336;2026-03-10;43;26055;135503,69
56337;2026-03-10;43;26058;43244,63
56338;2026-03-10;37;26135;26871,55
56339;2026-03-11;60;25513;33595,84
56340;2026-03-11;36;25638;147551,61
56341;2026-03-11;18;25665;234000,36
56342;2026-03-11;59;25819;93386,07
56343;2026-03-11;36;25842;150002,37
56344;2026-03-11;16;25937;1067178,0
56345;2026-03-11;8;25941;170629,54
56346;2026-03-11;37;25988;75707,17
56347;2026-03-11;49;26018;149386,5
56348;2026-03-11;2;26057;673559,02
56349;2026-03-11;27;26183;27679,23
56350;2026-03-11;5;26345;43645,11
56351;2026-03-12;64;25890;38328,06
56352;2026-03-12;24;25939;12134,11
56353;2026-03-12;17;26021;224013,04
56354;2026-03-12;70;26039;38904,69
56355;2026-03-12;79;26065;41596,27
56356;2026-03-12;56;26068;11599,56
56357;2026-03-12;70;26071;43246,37
56358;2026-03-12;3;26089;22994,2
56359;2026-03-12;5;26344;145066,94
56360;2026-03-13;40;25914;272148,4
56361;2026-03-13;19;26033;115594,21
56362;2026-03-13;12;26078;17473,2
56363;2026-03-13;72;26079;44124,84
56364;2026-03-14;60;25287;103398,8
56365;2026-03-14;55;25327;10188,23
56366;2026-03-14;58;25814;156831,7
56367;2026-03-14;64;25922;113495,35
56368;2026-03-14;4;25930;321618,03
56369;2026-03-14;19;25979;31959,61
56370;2026-03-14;56;25997;30244,01
56371;2026-03-14;70;25999;134791,92
56372;2026-03-14;68;26028;92863,89
56373;2026-03-14;37;26172;12506,84
56374;2026-03-15;74;25098;212527,98
56375;2026-03-15;54;25463;68301,03
56376;2026-03-15;54;25689;103005,39
56377;2026-03-15;15;25809;231712,02
56378;2026-03-15;50;25823;14875,25
56379;2026-03-15;9;26002;28739,21
56380;2026-03-15;79;26038;13509,38
56381;2026-03-15;1;26049;1038,38
56382;2026-03-15;43;26051;21057,55
56383;2026-03-15;72;26054;73757,63
56384;2026-03-15;25;26067;39940,33
56385;2026-03-15;72;26077;36077,79
56386;2026-03-15;23;26104;422748,41
56387;2026-03-15;57;26112;545834,0
56388;2026-03-15;27;26234;1536,53
56389;2026-03-16;11;25271;38940,52
56390;2026-03-16;55;25487;42677,31
56391;2026-03-16;60;25550;206191,37
56392;2026-03-16;44;25994;613931,6
56393;2026-03-16;58;26037;126131,17
56394;2026-03-16;25;26076;28048,41
56395;2026-03-16;3;26097;42313,62
56396;2026-03-16;78;26251;79154,43
56397;2026-03-16;78;26285;40415,12
56398;2026-03-17;29;25789;3660,88
56399;2026-03-17;48;25803;45366,95
56400;2026-03-17;16;25938;262183,38
56401;2026-03-17;67;25986;181487,34
56402;2026-03-17;2;26024;125518,9
56403;2026-03-17;43;26073;30867,92
56404;2026-03-17;38;26082;35423,42
56405;2026-03-17;22;26107;23215,62
56406;2026-03-17;35;26133;336445,5
56407;2026-03-17;17;26137;379341,19
56408;2026-03-17;33;26190;34859,64
56409;2026-03-17;42;26219;4499,35
56410;2026-03-17;27;26280;5228,22
56411;2026-03-17;71;26402;33131,43
56412;2026-03-18;55;25457;29778,56
56413;2026-03-18;62;25864;48602,34
56414;2026-03-18;24;25904;56820,08
56415;2026-03-18;29;25946;46095,65
56416;2026-03-18;2;26064;348736,61
56417;2026-03-18;35;26095;435524,28
56418;2026-03-18;79;26118;27634,11
56419;2026-03-18;79;26134;152159,99
56420;2026-03-18;10;26141;43849,87
56421;2026-03-18;23;26146;1142820,97
56422;2026-03-18;28;26388;105961,61
56423;2026-03-18;14;26421;75067,1
56424;2026-03-19;60;25102;207988,13
56425;2026-03-19;44;25940;689508,47
56426;2026-03-19;24;26006;59649,24
56427;2026-03-19;66;26114;56003,3
56428;2026-03-19;75;26153;113900,48
56429;2026-03-20;59;25835;93916,82
56430;2026-03-20;67;25984;215639,99
56431;2026-03-20;65;26070;28530,11
56432;2026-03-20;4;26075;213029,47
56433;2026-03-20;25;26117;62469,6
56434;2026-03-20;12;26127;50650,22
56435;2026-03-20;17;26129;310626,93
56436;2026-03-20;27;26239;5776,7
56437;2026-03-21;26;25375;72521,82
56438;2026-03-21;59;25847;123054,2
56439;2026-03-21;20;25851;89169,78
56440;2026-03-21;16;25980;812264,3
56441;2026-03-21;14;26470;44346,89
56442;2026-03-22;60;25631;29537,5
56443;2026-03-22;24;25939;13194,65
56444;2026-03-22;4;25964;78997,14
56445;2026-03-22;4;25996;239880,68
56446;2026-03-22;9;26101;18866,84
56447;2026-03-22;9;26145;14555,04
56448;2026-03-22;65;26164;48657,92
56449;2026-03-22;37;26172;11708,04
56450;2026-03-22;79;26174;40993,81
56451;2026-03-22;27;26267;63152,37
56452;2026-03-22;77;26303;44243,14
56453;2026-03-22;5;26499;85247,9
56454;2026-03-23;54;25209;42187,02
56455;2026-03-23;74;25591;234772,59
56456;2026-03-23;51;25843;57268,53
56457;2026-03-23;34;25956;98431,82
56458;2026-03-23;8;25958;332884,6
56459;2026-03-23;40;26029;567397,46
56460;2026-03-23;6;26119;304310,32
56461;2026-03-23;63;26138;34636,51
56462;2026-03-23;21;26148;69774,19
56463;2026-03-23;12;26152;11785,33
56464;2026-03-23;17;26161;290217,61
56465;2026-03-23;70;26197;83634,86
56466;2026-03-23;70;26206;64403,76
56467;2026-03-23;78;26434;69369,96
56468;2026-03-23;14;26530;23811,27
56469;2026-03-24;48;25909;114837,9
56470;2026-03-24;2;26126;441381,85
56471;2026-03-24;80;26169;328625,63
56472;2026-03-24;72;26184;77251,4
56473;2026-03-24;35;26188;330684,72
56474;2026-03-24;63;26209;6877,25
56475;2026-03-24;42;26343;39716,92
56476;2026-03-24;41;26347;33938,89
56477;2026-03-24;33;26539;106830,37
56478;2026-03-25;39;25919;60052,72
56479;2026-03-25;29;26042;107895,58
56480;2026-03-25;64;26061;27420,38
56481;2026-03-25;2;26192;504582,14
56482;2026-03-25;12;26193;35031,13
56483;2026-03-25;58;26213;454110,21
56484;2026-03-25;5;26532;27862,19
56485;2026-03-25;47;26546;22743,51
56486;2026-03-26;24;25970;30227,16
56487;2026-03-26;72;26077;32578,22
56488;2026-03-26;19;26151;81660,09
56489;2026-03-26;10;26167;28533,0
56490;2026-03-26;66;26202;151383,96
56491;2026-03-26;78;26439;9697,84
56492;2026-03-26;5;26528;94954,54
56493;2026-03-27;53;25272;19364,91
56494;2026-03-27;11;25318;36837,79
56495;2026-03-27;60;25456;193810,27
56496;2026-03-27;13;26072;106934,26
56497;2026-03-27;3;26155;65878,2
56498;2026-03-27;56;26175;66625,32
56499;2026-03-27;10;26195;117771,52
56500;2026-03-27;50;26199;58703,14
56501;2026-03-27;31;26214;239971,33
56502;2026-03-27;72;26223;61413,84
56503;2026-03-27;80;26237;169616,38
56504;2026-03-27;78;26251;35494,65
56505;2026-03-27;78;26308;162783,32
56506;2026-03-27;32;26314;77755,32
56507;2026-03-28;53;25368;12639,18
56508;2026-03-28;13;25471;53529,35
56509;2026-03-28;48;25949;29439,22
56510;2026-03-28;66;26171;85727,01
56511;2026-03-28;1;26178;33473,15
56512;2026-03-28;17;26226;373627,94
56513;2026-03-28;32;26300;131930,46
56514;2026-03-28;34;26320;83159,47
56515;2026-03-28;41;26401;6887,6
56516;2026-03-28;69;26409;110073,84
56517;2026-03-28;78;26488;48985,11
56518;2026-03-28;47;26570;109060,21
56519;2026-03-29;60;25199;54451,2
56520;2026-03-29;45;25802;15560,52
56521;2026-03-29;13;25934;40298,48
56522;2026-03-29;62;25961;140055,59
56523;2026-03-29;29;26019;33196,97
56524;2026-03-29;58;26037;158574,99
56525;2026-03-29;68;26053;14357,89
56526;2026-03-29;44;26154;628111,55
56527;2026-03-29;63;26245;18557,37
56528;2026-03-29;31;26246;423900,45
56529;2026-03-30;26;25587;50454,28
56530;2026-03-30;59;25975;9403,04
56531;2026-03-30;16;26062;701749,29
56532;2026-03-30;8;26150;261780,93
56533;2026-03-30;72;26208;5560,93
56534;2026-03-30;72;26232;83872,83
56535;2026-03-30;63;26236;17737,23
56536;2026-03-30;35;26261;426459,24
56537;2026-03-30;1;26334;40498,07
56538;2026-03-30;78;26493;155070,17
56539;2026-03-31;55;25183;29266,63
56540;2026-03-31;45;25411;150755,69
56541;2026-03-31;53;25597;46887,26
56542;2026-03-31;39;25963;187073,5
56543;2026-03-31;52;26046;151374,64
56544;2026-03-31;52;26105;142996,92
56545;2026-03-31;3;26189;4483,21
56546;2026-03-31;2;26215;535720,99
56547;2026-03-31;10;26216;71582,05
56548;2026-03-31;10;26252;29740,6
56549;2026-03-31;35;26262;403109,24
56550;2026-03-31;76;26263;84554,32
56551;2026-03-31;28;26526;261854,59
56552;2026-04-01;59;25976;23405,82
56553;2026-04-01;15;25992;263068,39
56554;2026-04-01;40;26090;558592,36
56555;2026-04-01;37;26135;36786,82
56556;2026-04-01;12;26203;97137,16
56557;2026-04-01;31;26207;528266,31
56558;2026-04-01;49;26221;83608,34
56559;2026-04-01;46;26264;253079,73
56560;2026-04-01;50;26271;85012,36
56561;2026-04-01;66;26275;41939,95
56562;2026-04-01;80;26282;330188,83
56563;2026-04-01;41;26383;69587,37
56564;2026-04-01;77;26387;47531,73
56565;2026-04-01;78;26504;65019,51
56566;2026-04-01;33;26548;67831,94
56567;2026-04-01;14;26558;56355,23
56568;2026-04-01;33;26615;120354,63
56569;2026-04-02;20;25966;137867,3
56570;2026-04-02;48;25968;77906,83
56571;2026-04-02;52;26050;96462,27
56572;2026-04-02;16;26066;501053,75
56573;2026-04-02;3;26089;24719,83
56574;2026-04-02;7;26180;914442,59
56575;2026-04-02;40;26200;758955,72
56576;2026-04-02;23;26225;427085,05
56577;2026-04-02;12;26247;28045,39
56578;2026-04-02;31;26253;196783,57
56579;2026-04-02;76;26274;38215,11
56580;2026-04-02;2;26277;462413,04
56581;2026-04-02;78;26425;207646,42
56582;2026-04-02;75;26452;99238,32
56583;2026-04-02;78;26538;28926,71
56584;2026-04-02;71;26624;8744,82
56585;2026-04-03;11;25323;46888,93
56586;2026-04-03;74;25543;418669,17
56587;2026-04-03;24;26094;84606,74
56588;2026-04-03;8;26099;52822,83
56589;2026-04-03;37;26181;52485,47
56590;2026-04-03;46;26228;468124,06
56591;2026-04-03;38;26249;44602,41
56592;2026-04-03;35;26283;151077,24
56593;2026-04-03;79;26297;39648,78
56594;2026-04-03;78;26349;20571,85
56595;2026-04-03;41;26448;67845,53
56596;2026-04-03;33;26635;44529,73
56597;2026-04-04;11;25713;42447,45
56598;2026-04-04;70;26206;47137,52
56599;2026-04-04;64;26217;30956,64
56600;2026-04-04;27;26280;7486,89
56601;2026-04-04;46;26284;442021,72
56602;2026-04-04;21;26309;136725,32
56603;2026-04-05;45;25694;43176,41
56604;2026-04-05;15;26034;83731,19
56605;2026-04-05;44;26088;1174390,77
56606;2026-04-05;8;26143;187089,0
56607;2026-04-05;51;26165;99352,57
56608;2026-04-05;52;26170;203214,9
56609;2026-04-05;24;26194;28714,73
56610;2026-04-05;25;26265;8767,68
56611;2026-04-05;50;26270;64548,51
56612;2026-04-05;63;26307;3872,48
56613;2026-04-05;42;26432;125929,82
56614;2026-04-05;41;26483;7893,3
56615;2026-04-05;5;26581;19775,04
56616;2026-04-05;28;26583;126343,31
56617;2026-04-06;74;25594;232737,73
56618;2026-04-06;62;26036;100458,39
56619;2026-04-06;17;26238;197098,29
56620;2026-04-06;41;26438;59273,65
56621;2026-04-06;47;26546;33321,44
56622;2026-04-06;71;26627;21007,2
56623;2026-04-07;4;25964;107565,95
56624;2026-04-07;40;26085;302631,29
56625;2026-04-07;44;26248;590078,75
56626;2026-04-07;2;26286;382421,7
56627;2026-04-07;3;26301;43953,97
56628;2026-04-07;43;26318;31135,45
56629;2026-04-07;25;26324;160145,3
56630;2026-04-07;63;26337;8698,44
56631;2026-04-07;46;26341;308579,48
56632;2026-04-07;50;26361;80971,85
56633;2026-04-07;42;26487;20455,96
56634;2026-04-07;71;26647;18616,93
56635;2026-04-07;47;26700;138213,32
56636;2026-04-08;60;25681;73016,89
56637;2026-04-08;45;25775;80398,47
56638;2026-04-08;53;25781;35404,04
56639;2026-04-08;20;25983;48572,73
56640;2026-04-08;24;26111;18931,86
56641;2026-04-08;7;26136;808797,91
56642;2026-04-08;8;26159;124794,94
56643;2026-04-08;43;26272;11737,96
56644;2026-04-08;22;26348;29108,46
56645;2026-04-08;72;26370;70394,99
56646;2026-04-08;35;26371;579101,54
56647;2026-04-08;19;26380;99889,65
56648;2026-04-08;77;26521;14338,48
56649;2026-04-09;15;26043;103724,76
56650;2026-04-09;30;26147;75317,37
56651;2026-04-09;17;26293;197448,69
56652;2026-04-09;79;26295;9004,28
56653;2026-04-09;76;26316;69611,48
56654;2026-04-09;19;26354;7372,26
56655;2026-04-09;9;26377;40540,14
56656;2026-04-09;32;26464;259554,12
56657;2026-04-09;41;26506;77661,33
56658;2026-04-10;20;26040;248924,27
56659;2026-04-10;13;26198;49918,62
56660;2026-04-10;24;26218;29197,82
56661;2026-04-10;38;26249;56886,89
56662;2026-04-10;19;26304;75719,6
56663;2026-04-10;79;26326;42756,43
56664;2026-04-10;63;26333;38985,29
56665;2026-04-10;2;26373;346590,22
56666;2026-04-10;76;26404;79364,64
56667;2026-04-11;26;25507;54655,72
56668;2026-04-11;11;25967;12549,09
56669;2026-04-11;62;26056;93480,38
56670;2026-04-11;72;26208;4959,51
56671;2026-04-11;79;26330;18904,0
56672;2026-04-11;63;26332;16948,93
56673;2026-04-11;79;26392;85920,33
56674;2026-04-11;6;26394;388674,71
56675;2026-04-11;56;26397;98958,3
56676;2026-04-11;47;26693;148238,69
56677;2026-04-11;71;26698;64352,04
56678;2026-04-11;14;26717;52903,6
56679;2026-04-12;53;25043;126869,04
56680;2026-04-12;34;25902;92459,93
56681;2026-04-12;20;26081;228953,77
56682;2026-04-12;39;26086;71696,15
56683;2026-04-12;20;26102;101853,68
56684;2026-04-12;51;26186;95037,55
56685;2026-04-12;9;26367;25667,53
56686;2026-04-12;72;26368;75849,07
56687;2026-04-12;46;26374;342950,45
56688;2026-04-12;57;26386;618058,76
56689;2026-04-12;3;26393;40989,97
56690;2026-04-12;56;26414;76242,4
56691;2026-04-12;75;26495;113421,2
56692;2026-04-12;47;26690;326408,97
56693;2026-04-13;55;25327;5843,66
56694;2026-04-13;11;25491;40340,87
56695;2026-04-13;18;25990;78205,14
56696;2026-04-13;39;26026;6013,79
56697;2026-04-13;48;26083;48563,12
56698;2026-04-13;4;26139;116805,78
56699;2026-04-13;64;26160;14447,04
56700;2026-04-13;31;26214;163629,43
56701;2026-04-13;10;26252;28519,06
56702;2026-04-13;68;26281;59310,21
56703;2026-04-13;56;26356;145873,15
56704;2026-04-13;73;26358;700709,94
56705;2026-04-13;49;26365;67094,97
56706;2026-04-13;23;26369;691065,74
56707;2026-04-13;22;26389;50223,83
56708;2026-04-13;49;26420;195361,69
56709;2026-04-13;5;26665;78886,61
56710;2026-04-14;74;26163;349602,21
56711;2026-04-14;67;26177;394089,25
56712;2026-04-14;3;26189;2169,41
56713;2026-04-14;16;26258;911942,87
56714;2026-04-14;8;26273;75134,55
56715;2026-04-14;16;26338;450074,35
56716;2026-04-14;17;26378;403207,35
56717;2026-04-14;22;26399;125741,2
56718;2026-04-14;22;26418;109317,12
56719;2026-04-14;31;26431;301407,42
56720;2026-04-14;42;26555;160091,82
56721;2026-04-14;33;26772;40288,92
56722;2026-04-15;53;25281;92711,81
56723;2026-04-15;18;25989;201640,91
56724;2026-04-15;15;26074;154923,29
56725;2026-04-15;15;26103;231179,04
56726;2026-04-15;40;26220;443396,46
56727;2026-04-15;31;26357;376724,72
56728;2026-04-15;10;26359;35547,82
56729;2026-04-15;64;26360;109906,42
56730;2026-04-15;6;26384;176084,29
56731;2026-04-15;72;26398;18238,54
56732;2026-04-15;31;26408;586327,31
56733;2026-04-15;21;26423;69009,84
56734;2026-04-15;41;26562;25836,98
56735;2026-04-15;71;26716;8249,48
56736;2026-04-16;60;25690;91205,25
56737;2026-04-16;20;26052;181618,34
56738;2026-04-16;20;26092;165818,3
56739;2026-04-16;51;26168;62384,06
56740;2026-04-16;8;26173;215804,83
56741;2026-04-16;51;26311;88559,62
56742;2026-04-16;21;26412;19111,03
56743;2026-04-16;72;26435;42411,25
56744;2026-04-16;2;26465;533385,68
56745;2026-04-16;78;26524;42032,83
56746;2026-04-16;70;26531;22534,87
56747;2026-04-16;77;26560;64679,28
56748;2026-04-16;42;26614;66976,5
56749;2026-04-17;20;26080;72233,47
56750;2026-04-17;59;26121;70115,86
56751;2026-04-17;20;26125;337338,16
56752;2026-04-17;44;26288;896270,79
56753;2026-04-17;38;26390;132371,88
56754;2026-04-17;50;26396;33728,61
56755;2026-04-17;23;26437;770228,01
56756;2026-04-17;21;26471;40322,96
56757;2026-04-17;37;26509;77307,99
56758;2026-04-17;78;26538;37618,35
56759;2026-04-17;41;26572;18743,96
56760;2026-04-17;14;26776;51488,92
56761;2026-04-17;14;26792;112950,0
56762;2026-04-18;53;25494;34560,0
56763;2026-04-18;74;25633;443031,96
56764;2026-04-18;29;26210;52828,14
56765;2026-04-18;24;26222;35441,62
56766;2026-04-18;68;26312;28947,66
56767;2026-04-18;8;26353;216586,56
56768;2026-04-18;16;26391;435920,91
56769;2026-04-18;3;26406;102917,19
56770;2026-04-18;66;26443;53302,99
56771;2026-04-18;35;26456;905040,53
56772;2026-04-18;65;26549;44251,01
56773;2026-04-19;74;25832;616654,84
56774;2026-04-19;59;26096;54904,85
56775;2026-04-19;52;26254;111722,46
56776;2026-04-19;24;26382;38150,77
56777;2026-04-19;37;26454;188561,69
56778;2026-04-19;50;26459;69997,99
56779;2026-04-19;23;26473;557825,56
56780;2026-04-19;47;26693;82543,49
56781;2026-04-20;60;25804;244116,31
56782;2026-04-20;40;26085;159931,8
56783;2026-04-20;12;26152;14871,17
56784;2026-04-20;52;26233;159138,61
56785;2026-04-20;10;26415;75846,56
56786;2026-04-20;56;26417;73771,05
56787;2026-04-20;72;26445;91928,2
56788;2026-04-20;38;26490;266924,77
56789;2026-04-20;75;26628;93641,9
56790;2026-04-20;27;26651;14071,74
56791;2026-04-20;71;26759;29973,06
56792;2026-04-20;47;26780;147711,91
56793;2026-04-20;71;26821;34971,11
56794;2026-04-21;11;25865;26038,77
56795;2026-04-21;26;26017;53079,64
56796;2026-04-21;24;26111;11421,18
56797;2026-04-21;59;26132;170140,51
56798;2026-04-21;76;26274;34684,28
56799;2026-04-21;40;26363;613815,11
56800;2026-04-21;21;26422;31853,05
56801;2026-04-21;76;26436;66756,71
56802;2026-04-21;49;26441;48662,59
56803;2026-04-21;46;26468;403275,95
56804;2026-04-21;50;26480;56870,7
56805;2026-04-21;19;26514;16456,62
56806;2026-04-21;34;26533;29100,55
56807;2026-04-22;74;25747;553481,49
56808;2026-04-22;45;25775;67122,01
56809;2026-04-22;45;25943;119616,39
56810;2026-04-22;40;26260;679934,34
56811;2026-04-22;80;26449;422773,64
56812;2026-04-22;80;26458;415215,6
56813;2026-04-22;19;26462;112813,64
56814;2026-04-22;12;26463;78602,8
56815;2026-04-23;52;26050;59877,48
56816;2026-04-23;20;26149;247766,77
56817;2026-04-23;63;26245;15155,36
56818;2026-04-23;30;26250;67432,1
56819;2026-04-23;16;26276;1278815,34
56820;2026-04-23;8;26335;342970,61
56821;2026-04-23;46;26478;138357,33
56822;2026-04-23;35;26485;143094,62
56823;2026-04-23;46;26489;218955,26
56824;2026-04-23;43;26513;20751,33
56825;2026-04-23;31;26516;145337,67
56826;2026-04-23;77;26633;28228,39
56827;2026-04-23;33;26861;20653,42
56828;2026-04-23;47;26882;203958,38
56829;2026-04-24;55;25962;20840,5
56830;2026-04-24;48;25968;38707,88
56831;2026-04-24;11;25991;21514,79
56832;2026-04-24;11;26201;31246,13
56833;2026-04-24;37;26442;149787,1
56834;2026-04-24;43;26492;79431,78
56835;2026-04-24;63;26494;28411,76
56836;2026-04-24;63;26505;19361,79
56837;2026-04-24;69;26734;48492,94
56838;2026-04-25;39;26162;97182,27
56839;2026-04-25;62;26196;58520,34
56840;2026-04-25;39;26211;39921,26
56841;2026-04-25;13;26256;68352,08
56842;2026-04-25;8;26257;203808,54
56843;2026-04-25;17;26293;88380,0
56844;2026-04-25;36;26413;235117,63
56845;2026-04-25;49;26508;64461,16
56846;2026-04-25;65;26549;62940,35
56847;2026-04-25;28;26583;65258,13
56848;2026-04-25;75;26694;122660,26
56849;2026-04-25;33;26824;69271,14
56850;2026-04-26;60;25499;117172,93
56851;2026-04-26;45;25658;109111,0
56852;2026-04-26;26;25858;5412,39
56853;2026-04-26;45;25965;82478,32
56854;2026-04-26;54;26227;7731,68
56855;2026-04-26;48;26230;2367,14
56856;2026-04-26;17;26238;136375,91
56857;2026-04-26;40;26331;958695,28
56858;2026-04-26;72;26398;13849,01
56859;2026-04-26;52;26469;120494,85
56860;2026-04-26;2;26486;373255,48
56861;2026-04-26;66;26498;57488,33
56862;2026-04-26;2;26518;225513,0
56863;2026-04-26;56;26564;118730,81
56864;2026-04-26;78;26722;21993,54
56865;2026-04-27;16;26299;218697,22
56866;2026-04-27;4;26342;17432,26
56867;2026-04-27;8;26352;93441,02
56868;2026-04-27;52;26477;193131,86
56869;2026-04-27;2;26540;603251,56
56870;2026-04-27;77;26681;9995,94
56871;2026-04-27;47;26875;365387,14
56872;2026-04-28;48;26182;40722,37
56873;2026-04-28;62;26242;109645,91
56874;2026-04-28;35;26283;213910,14
56875;2026-04-28;44;26327;417824,2
56876;2026-04-28;61;26351;139179,55
56877;2026-04-28;40;26446;343680,0
56878;2026-04-28;19;26514;19831,44
56879;2026-04-28;43;26589;47046,08
56880;2026-04-28;77;26712;26380,77
56881;2026-04-28;69;26728;54485,71
56882;2026-04-28;5;26868;98917,82
56883;2026-04-28;14;26903;87622,89
56884;2026-04-28;28;26954;96465,63
56885;2026-04-29;26;26255;83781,96
56886;2026-04-29;64;26302;34153,6
56887;2026-04-29;68;26346;72738,2
56888;2026-04-29;24;26375;90349,63
56889;2026-04-29;51;26484;60861,02
56890;2026-04-29;70;26501;109185,59
56891;2026-04-29;49;26566;2481,3
56892;2026-04-29;25;26567;19156,75
56893;2026-04-29;25;26595;66610,01
56894;2026-04-29;9;26600;29687,58
56895;2026-04-30;12;26247;35791,16
56896;2026-04-30;79;26295;9072,81
56897;2026-04-30;68;26455;71829,03
56898;2026-04-30;7;26472;541571,03
56899;2026-04-30;24;26512;124370,99
56900;2026-04-30;50;26523;86028,74
56901;2026-04-30;6;26542;337022,22
56902;2026-04-30;70;26545;144562,83
56903;2026-04-30;72;26571;6576,3
56904;2026-04-30;35;26582;652796,07
56905;2026-04-30;2;26593;581733,73
56906;2026-04-30;2;26594;308412,11
56907;2026-04-30;27;26651;18109,19
56908;2026-04-30;42;26699;73663,6
56909;2026-04-30;47;26870;222103,15
56910;2026-04-30;14;26901;35663,57
56911;2026-04-30;5;26944;44260,85
56912;2026-04-30;5;26963;2451,8
56913;2026-05-01;48;26298;22010,4
56914;2026-05-01;64;26510;37186,18
56915;2026-05-01;12;26543;18133,8
56916;2026-05-01;56;26573;44800,43
56917;2026-05-01;58;26580;380192,8
56918;2026-05-01;32;26632;63120,21
56919;2026-05-01;65;26672;136811,03
56920;2026-05-01;28;26892;146842,56
56921;2026-05-01;28;26930;62181,42
56922;2026-05-02;55;25363;41043,58
56923;2026-05-02;13;26179;18666,84
56924;2026-05-02;40;26416;578031,63
56925;2026-05-02;24;26502;53978,86
56926;2026-05-02;42;26761;67426,18
56927;2026-05-02;32;26796;99458,69
56928;2026-05-02;33;26951;79655,78
56929;2026-05-03;74;26016;205118,17
56930;2026-05-03;39;26026;4689,91
56931;2026-05-03;11;26100;24476,19
56932;2026-05-03;74;26108;352853,99
56933;2026-05-03;63;26333;28117,04
56934;2026-05-03;45;26336;101902,36
56935;2026-05-03;77;26521;16946,82
56936;2026-05-03;22;26563;71474,59
56937;2026-05-03;70;26579;119935,84
56938;2026-05-03;73;26599;829450,47
56939;2026-05-03;46;26610;380567,25
56940;2026-05-03;58;26611;443044,34
56941;2026-05-03;43;26639;7027,33
56942;2026-05-03;72;26646;20988,19
56943;2026-05-03;32;26741;75384,89
56944;2026-05-03;77;26814;22023,49
56945;2026-05-03;33;26981;74742,16
56946;2026-05-04;60;25552;142760,45
56947;2026-05-04;74;25932;453856,12
56948;2026-05-04;54;25951;110040,27
56949;2026-05-04;51;26339;101103,04
56950;2026-05-04;26;26362;164723,81
56951;2026-05-04;21;26412;25272,15
56952;2026-05-04;66;26443;34828,02
56953;2026-05-04;35;26485;185975,29
56954;2026-05-04;31;26516;149037,9
56955;2026-05-04;43;26574;39466,03
56956;2026-05-04;43;26661;48511,95
56957;2026-05-04;78;26784;85148,18
56958;2026-05-04;69;26795;48785,03
56959;2026-05-04;47;27008;246791,17
56960;2026-05-05;53;26015;35327,45
56961;2026-05-05;74;26185;497230,66
56962;2026-05-05;39;26325;64475,07
56963;2026-05-05;59;26328;118090,31
56964;2026-05-05;30;26403;57408,63
56965;2026-05-05;30;26405;69770,85
56966;2026-05-05;25;26575;31742,55
56967;2026-05-05;35;26596;357111,09
56968;2026-05-05;80;26653;372265,05
56969;2026-05-05;80;26666;352039,98
56970;2026-05-05;9;26686;48731,73
56971;2026-05-05;1;26724;19869,26
56972;2026-05-05;69;26740;78540,29
56973;2026-05-05;69;26921;104943,16
56974;2026-05-05;5;26933;109519,42
56975;2026-05-06;53;25394;152695,78
56976;2026-05-06;53;25494;21836,75
56977;2026-05-06;55;25962;10856,4
56978;2026-05-06;20;25983;68288,37
56979;2026-05-06;55;26087;19641,63
56980;2026-05-06;62;26279;38521,98
56981;2026-05-06;46;26489;189579,46
56982;2026-05-06;9;26591;88136,09
56983;2026-05-06;66;26607;157311,47
56984;2026-05-06;38;26648;275242,31
56985;2026-05-06;77;26811;37180,37
56986;2026-05-06;33;26948;152585,6
56987;2026-05-06;47;26991;253380,74
56988;2026-05-07;34;26205;92359,4
56989;2026-05-07;21;26422;46855,97
56990;2026-05-07;4;26496;80056,76
56991;2026-05-07;49;26590;50050,72
56992;2026-05-07;73;26621;619849,66
56993;2026-05-07;46;26645;437852,2
56994;2026-05-07;22;26654;69032,26
56995;2026-05-07;35;26657;339322,25
56996;2026-05-07;76;26675;126188,84
56997;2026-05-07;47;26995;151540,3
56998;2026-05-07;14;26996;43106,2
56999;2026-05-07;47;27030;137426,41
57000;2026-05-08;45;25831;255492,24
57001;2026-05-08;61;26529;153753,52
57002;2026-05-08;64;26552;92970,46
57003;2026-05-08;6;26613;440741,86
57004;2026-05-08;49;26619;31873,8
57005;2026-05-08;22;26688;65898,85
57006;2026-05-08;75;26862;117030,51
57007;2026-05-08;27;26886;38087,68
57008;2026-05-08;28;26980;161065,56
57009;2026-05-09;55;25828;19428,8
57010;2026-05-09;34;26063;97695,56
57011;2026-05-09;15;26317;182806,22
57012;2026-05-09;44;26433;385788,78
57013;2026-05-09;36;26511;217327,49
57014;2026-05-09;7;26561;1040644,83
57015;2026-05-09;1;26622;31712,42
57016;2026-05-09;8;26626;404350,13
57017;2026-05-09;21;26630;102225,28
57018;2026-05-09;80;26637;467310,71
57019;2026-05-09;71;27028;13791,11
57020;2026-05-09;47;27062;396358,07
57021;2026-05-10;53;25758;84042,64
57022;2026-05-10;4;26475;271070,59
57023;2026-05-10;44;26481;508091,46
57024;2026-05-10;51;26507;24615,2
57025;2026-05-10;64;26520;124556,43
57026;2026-05-10;16;26541;855478,08
57027;2026-05-10;29;26568;68196,01
57028;2026-05-10;43;26589;34216,49
57029;2026-05-10;64;26604;52555,26
57030;2026-05-10;3;26662;116249,22
57031;2026-05-10;3;26678;42249,14
57032;2026-05-10;57;26684;349491,1
57033;2026-05-10;37;26708;56798,63
57034;2026-05-10;25;26726;28677,01
57035;2026-05-10;32;26746;125057,11
57036;2026-05-10;42;26807;60181,7
57037;2026-05-10;42;26865;11233,87
57038;2026-05-11;54;25872;32590,01
57039;2026-05-11;8;26273;59012,16
57040;2026-05-11;54;26294;186778,01
57041;2026-05-11;3;26393;23068,46
57042;2026-05-11;36;26427;136389,43
57043;2026-05-11;17;26641;417866,14
57044;2026-05-11;72;26644;86808,29
57045;2026-05-11;31;26658;438259,24
57046;2026-05-11;63;26663;32481,63
57047;2026-05-11;65;26671;125085,2
57048;2026-05-11;22;26677;72301,12
57049;2026-05-11;49;26680;17649,85
57050;2026-05-11;17;26703;281801,46
57051;2026-05-11;3;26729;48864,33
57052;2026-05-11;5;27009;60166,15
57053;2026-05-12;40;26220;431674,19
57054;2026-05-12;64;26302;36055,52
57055;2026-05-12;49;26659;149680,82
57056;2026-05-12;12;26685;32409,91
57057;2026-05-12;6;26691;323345,58
57058;2026-05-12;2;26692;380159,92
57059;2026-05-12;10;26719;135975,22
57060;2026-05-12;46;26720;611730,95
57061;2026-05-12;42;26924;24160,75
57062;2026-05-12;14;27003;50385,06
57063;2026-05-13;54;25955;100834,58
57064;2026-05-13;36;26093;252740,5
57065;2026-05-13;18;26128;61519,19
57066;2026-05-13;36;26142;192636,39
57067;2026-05-13;13;26289;68052,56
57068;2026-05-13;39;26325;58639,41
57069;2026-05-13;39;26366;76855,93
57070;2026-05-13;11;26419;29738,43
57071;2026-05-13;4;26466;141058,23
57072;2026-05-13;24;26522;56868,56
57073;2026-05-13;66;26718;185247,3
57074;2026-05-13;79;26742;18436,7
57075;2026-05-13;66;26751;64145,77
57076;2026-05-13;71;27045;14485,0
57077;2026-05-13;28;27046;284265,49
57078;2026-05-14;18;26340;269823,59
57079;2026-05-14;15;26376;62585,82
57080;2026-05-14;15;26410;54259,25
57081;2026-05-14;36;26527;356787,68
57082;2026-05-14;16;26655;819271,29
57083;2026-05-14;77;26681;6124,4
57084;2026-05-14;12;26696;126772,97
57085;2026-05-14;63;26707;37475,54
57086;2026-05-14;2;26733;525722,87
57087;2026-05-14;3;26748;58299,12
57088;2026-05-14;3;26774;40193,4
57089;2026-05-14;27;26920;37507,1
57090;2026-05-14;71;27140;28548,39
57091;2026-05-14;5;27144;81767,96
57092;2026-05-15;64;26510;33224,59
57093;2026-05-15;30;26536;44495,92
57094;2026-05-15;16;26557;749712,49
57095;2026-05-15;68;26638;25597,95
57096;2026-05-15;24;26674;80269,61
57097;2026-05-15;51;26676;83607,12
57098;2026-05-15;80;26727;266749,47
57099;2026-05-15;38;26743;141011,04
57100;2026-05-15;10;26758;101957,37
57101;2026-05-15;12;26785;32007,12
57102;2026-05-15;75;26884;191612,73
57103;2026-05-15;75;26919;188035,0
57104;2026-05-15;5;27145;87380,54
57105;2026-05-16;39;26385;31280,08
57106;2026-05-16;59;26451;64870,79
57107;2026-05-16;39;26457;48583,92
57108;2026-05-16;9;26591;43814,05
57109;2026-05-16;7;26625;648922,68
57110;2026-05-16;2;26714;538717,8
57111;2026-05-16;56;26730;29109,73
57112;2026-05-16;46;26752;421416,07
57113;2026-05-16;2;26753;451652,29
57114;2026-05-16;80;26775;567979,8
57115;2026-05-16;78;26818;15421,26
57116;2026-05-16;41;26945;7140,57
57117;2026-05-16;47;27161;156220,19
57118;2026-05-17;61;26515;43506,12
57119;2026-05-17;16;26586;765559,09
57120;2026-05-17;52;26617;129125,82
57121;2026-05-17;4;26704;80084,43
57122;2026-05-17;43;26735;17843,75
57123;2026-05-17;63;26802;53381,89
57124;2026-05-17;41;26908;13959,94
57125;2026-05-17;27;26935;27328,01
57126;2026-05-17;77;26982;6170,58
57127;2026-05-17;33;27059;70762,43
57128;2026-05-17;71;27077;19223,71
57129;2026-05-17;28;27153;211924,45
57130;2026-05-18;60;26022;58117,41
57131;2026-05-18;20;26461;169041,17
57132;2026-05-18;67;26537;355093,23
57133;2026-05-18;44;26565;1278115,16
57134;2026-05-18;8;26597;145800,56
57135;2026-05-18;4;26664;132949,66
57136;2026-05-18;4;26673;353152,86
57137;2026-05-18;25;26723;119541,83
57138;2026-05-18;2;26747;513932,1
57139;2026-05-18;65;26777;19169,6
57140;2026-05-18;46;26779;622961,46
57141;2026-05-18;66;26787;59107,25
57142;2026-05-18;31;26791;373518,69
57143;2026-05-18;12;26809;56185,14
57144;2026-05-18;79;26810;33606,72
57145;2026-05-18;71;27090;25436,34
57146;2026-05-19;48;26467;10949,26
57147;2026-05-19;7;26535;360246,62
57148;2026-05-19;40;26585;520159,32
57149;2026-05-19;12;26764;59682,67
57150;2026-05-19;79;26804;24949,73
57151;2026-05-19;17;26806;540205,57
57152;2026-05-19;14;26901;36783,68
57153;2026-05-20;40;26446;207308,4
57154;2026-05-20;39;26447;87078,72
57155;2026-05-20;61;26547;141592,98
57156;2026-05-20;4;26553;55300,62
57157;2026-05-20;66;26760;7368,66
57158;2026-05-20;21;26768;156598,45
57159;2026-05-20;63;26770;49607,61
57160;2026-05-20;72;26798;164744,46
57161;2026-05-20;35;26805;835775,97
57162;2026-05-20;41;26952;9571,32
57163;2026-05-20;5;27193;2462,51
57164;2026-05-21;18;26381;119196,48
57165;2026-05-21;34;26426;62165,58
57166;2026-05-21;48;26500;21578,36
57167;2026-05-21;15;26503;28734,1
57168;2026-05-21;29;26609;95065,68
57169;2026-05-21;16;26652;389111,38
57170;2026-05-21;68;26689;73951,9
57171;2026-05-21;30;26713;12280,88
57172;2026-05-21;38;26757;212357,74
57173;2026-05-21;43;26799;72022,45
57174;2026-05-21;58;26815;266697,6
57175;2026-05-21;17;26845;357025,46
57176;2026-05-21;33;26861;18684,28
57177;2026-05-21;75;26974;174339,93
57178;2026-05-21;69;27088;70159,74
57179;2026-05-22;18;26224;127872,52
57180;2026-05-22;59;26444;34976,23
57181;2026-05-22;15;26453;99916,94
57182;2026-05-22;30;26634;64821,41
57183;2026-05-22;52;26656;167457,21
57184;2026-05-22;68;26710;131765,11
57185;2026-05-22;65;26765;87764,77
57186;2026-05-22;66;26773;39204,84
57187;2026-05-22;35;26834;206202,53
57188;2026-05-22;6;26856;308592,49
57189;2026-05-22;17;26879;187746,39
57190;2026-05-22;78;27056;38470,85
57191;2026-05-22;33;27152;131676,45
57192;2026-05-22;33;27189;128276,35
57193;2026-05-23;61;26679;57860,68
57194;2026-05-23;51;26715;53791,82
57195;2026-05-23;52;26721;123733,64
57196;2026-05-23;43;26790;40251,28
57197;2026-05-23;49;26797;72766,54
57198;2026-05-23;2;26812;285963,8
57199;2026-05-23;31;26832;521044,8
57200;2026-05-23;69;26993;61055,0
57201;2026-05-24;55;26109;62363,04
57202;2026-05-24;55;26241;22891,53
57203;2026-05-24;48;26460;57287,04
57204;2026-05-24;8;26756;137462,63
57205;2026-05-24;69;26795;38082,83
57206;2026-05-24;6;26823;625048,51
57207;2026-05-24;79;26843;18905,67
57208;2026-05-24;12;26850;76054,13
57209;2026-05-24;70;26853;39628,18
57210;2026-05-24;46;26900;403249,38
57211;2026-05-24;41;26908;11798,47
57212;2026-05-25;60;26091;31438,55
57213;2026-05-25;54;26227;9766,8
57214;2026-05-25;54;26278;49463,08
57215;2026-05-25;30;26576;31269,63
57216;2026-05-25;9;26600;14271,77
57217;2026-05-25;43;26639;10406,8
57218;2026-05-25;9;26766;47075,06
57219;2026-05-25;12;26825;44481,44
57220;2026-05-25;25;26842;53140,48
57221;2026-05-25;35;26852;403404,82
57222;2026-05-25;25;26855;10843,32
57223;2026-05-25;17;26857;506414,7
57224;2026-05-25;35;26872;362660,99
57225;2026-05-25;22;26889;13181,46
57226;2026-05-25;72;26917;124897,52
57227;2026-05-25;42;26992;37369,96
57228;2026-05-25;14;27239;78231,25
57229;2026-05-25;47;27249;50035,89
57230;2026-05-25;47;27281;128919,49
57231;2026-05-26;18;26268;167571,83
57232;2026-05-26;34;26313;158944,85
57233;2026-05-26;4;26342;20059,19
57234;2026-05-26;39;26559;120833,69
57235;2026-05-26;51;26706;32462,33
57236;2026-05-26;61;26782;58142,74
57237;2026-05-26;34;26800;93494,61
57238;2026-05-26;77;26814;15544,86
57239;2026-05-26;61;26816;43390,06
57240;2026-05-26;63;26835;10540,76
57241;2026-05-26;77;27021;56830,54
57242;2026-05-26;69;27070;89016,93
57243;2026-05-26;32;27134;237809,29
57244;2026-05-26;33;27279;70315,8
57245;2026-05-26;14;27298;64706,48
57246;2026-05-27;48;26519;510,6
57247;2026-05-27;7;26535;486858,63
57248;2026-05-27;61;26705;51077,9
57249;2026-05-27;3;26729;32893,02
57250;2026-05-27;50;26854;47923,9
57251;2026-05-27;17;26860;141024,28
57252;2026-05-27;23;26888;790936,47
57253;2026-05-27;21;26922;82879,76
57254;2026-05-27;17;26928;580162,23
57255;2026-05-27;27;27085;37923,86
57256;2026-05-27;27;27100;62086,86
57257;2026-05-27;32;27198;315151,81
57258;2026-05-28;60;25700;81999,94
57259;2026-05-28;53;25931;167586,9
57260;2026-05-28;45;26113;151061,56
57261;2026-05-28;11;26315;9838,44
57262;2026-05-28;13;26525;93179,22
57263;2026-05-28;68;26638;29955,17
57264;2026-05-28;72;26646;16106,21
57265;2026-05-28;68;26744;101851,98
57266;2026-05-28;30;26833;39136,54
57267;2026-05-28;70;26859;30155,17
57268;2026-05-28;43;26883;40184,83
57269;2026-05-28;58;26941;195059,27
57270;2026-05-28;19;26955;66832,48
57271;2026-05-28;47;27214;144986,0
57272;2026-05-28;71;27248;28943,26
57273;2026-05-28;33;27266;2290,33
57274;2026-05-29;15;26410;33579,12
57275;2026-05-29;6;26542;498830,0
57276;2026-05-29;30;26629;181973,28
57277;2026-05-29;4;26640;247035,12
57278;2026-05-29;51;26667;28613,09
57279;2026-05-29;32;26741;83007,32
57280;2026-05-29;65;26858;45778,07
57281;2026-05-29;50;26863;35918,21
57282;2026-05-29;25;26905;63414,68
57283;2026-05-29;22;26938;68719,32
57284;2026-05-29;41;27040;8590,61
57285;2026-05-30;74;26012;231522,74
57286;2026-05-30;7;26737;906856,08
57287;2026-05-30;4;26869;150581,68
57288;2026-05-30;52;26887;21156,3
57289;2026-05-30;66;26896;18122,18
57290;2026-05-30;73;26897;1116492,59
57291;2026-05-30;31;26898;346568,64
57292;2026-05-30;17;26927;438134,18
57293;2026-05-30;21;26929;48430,24
57294;2026-05-30;75;27157;235434,63
57295;2026-05-30;28;27296;219761,82
57296;2026-05-31;18;26224;96722,46
57297;2026-05-31;34;26426;57372,08
57298;2026-05-31;18;26544;72218,36
57299;2026-05-31;29;26697;2725,43
57300;2026-05-31;64;26701;37549,75
57301;2026-05-31;25;26726;33760,67
57302;2026-05-31;63;26899;16575,26
57303;2026-05-31;79;26914;55077,71
57304;2026-05-31;66;26965;107337,8
57305;2026-06-01;55;26241;33276,97
57306;2026-06-01;62;26551;39261,01
57307;2026-06-01;51;26819;76048,98
57308;2026-06-01;1;26891;23570,55
57309;2026-06-01;80;26893;266371,36
57310;2026-06-01;46;26916;306662,17
57311;2026-06-01;19;26932;69554,89
57312;2026-06-01;73;26939;575293,66
57313;2026-06-01;79;26958;13953,4
57314;2026-06-01;58;26960;216549,31
57315;2026-06-01;50;26966;87711,21
57316;2026-06-01;21;26984;79879,93
57317;2026-06-01;31;26987;185349,75
57318;2026-06-01;36;27069;39339,29
57319;2026-06-02;11;26428;39976,37
57320;2026-06-02;45;26517;46307,88
57321;2026-06-02;15;26569;236867,31
57322;2026-06-02;15;26606;175463,56
57323;2026-06-02;39;26618;15547,29
57324;2026-06-02;40;26745;871066,36
57325;2026-06-02;61;26816;30521,69
57326;2026-06-02;44;26829;773160,25
57327;2026-06-02;63;26835;8382,28
57328;2026-06-02;30;26836;72637,51
57329;2026-06-02;7;26880;882864,75
57330;2026-06-02;56;26936;47352,78
57331;2026-06-02;6;26957;631903,81
57332;2026-06-02;6;26961;176487,32
57333;2026-06-02;56;26985;62165,01
57334;2026-06-02;35;26994;937029,95
57335;2026-06-02;25;26998;82140,23
57336;2026-06-02;79;27000;48371,49
57337;2026-06-02;47;27324;171368,64
57338;2026-06-03;26;26156;31418,52
57339;2026-06-03;15;26376;57192,21
57340;2026-06-03;13;26430;73244,22
57341;2026-06-03;59;26612;50354,44
57342;2026-06-03;67;26841;359715,65
57343;2026-06-03;57;26931;484954,69
57344;2026-06-03;19;26970;80460,82
57345;2026-06-03;72;27010;50288,65
57346;2026-06-03;42;27171;126812,19
57347;2026-06-03;69;27218;62424,29
57348;2026-06-03;78;27282;70941,86
57349;2026-06-03;28;27352;145997,73
57350;2026-06-04;48;26467;8116,7
57351;2026-06-04;29;26749;41971,29
57352;2026-06-04;68;26867;19942,18
57353;2026-06-04;29;26913;80288,36
57354;2026-06-04;46;26937;394554,56
57355;2026-06-04;9;26979;115670,35
57356;2026-06-04;73;26988;787665,4
57357;2026-06-04;9;27087;10365,44
57358;2026-06-04;77;27169;50845,58
57359;2026-06-04;41;27174;47630,67
57360;2026-06-05;53;26191;44739,31
57361;2026-06-05;3;26678;38298,37
57362;2026-06-05;16;26711;442801,68
57363;2026-06-05;8;26738;90501,74
57364;2026-06-05;8;26771;151198,35
57365;2026-06-05;12;26977;11268,12
57366;2026-06-05;65;27112;53014,12
57367;2026-06-05;75;27185;37007,57
57368;2026-06-06;54;26278;48984,38
57369;2026-06-06;39;26603;84748,57
57370;2026-06-06;48;26620;32052,79
57371;2026-06-06;29;26817;37120,99
57372;2026-06-06;1;26942;23731,51
57373;2026-06-06;25;26964;79276,97
57374;2026-06-06;23;26971;705061,01
57375;2026-06-06;57;26976;427914,05
57376;2026-06-06;1;27036;35862,71
57377;2026-06-06;71;27045;13252,72
57378;2026-06-06;65;27136;24870,43
57379;2026-06-06;78;27208;77755,1
57380;2026-06-07;53;26158;52342,27
57381;2026-06-07;22;26677;62582,97
57382;2026-06-07;4;26732;171327,03
57383;2026-06-07;4;26767;81373,94
57384;2026-06-07;40;26781;475543,1
57385;2026-06-07;34;26844;70232,31
57386;2026-06-07;43;27015;14587,48
57387;2026-06-07;22;27025;150732,17
57388;2026-06-07;19;27029;51600,16
57389;2026-06-07;38;27038;25486,12
57390;2026-06-07;80;27041;337822,38
57391;2026-06-07;9;27120;22094,45
57392;2026-06-08;15;26682;128244,2
57393;2026-06-08;51;26706;40048,88
57394;2026-06-08;24;26769;15161,86
57395;2026-06-08;64;26874;70221,07
57396;2026-06-08;65;26943;63944,73
57397;2026-06-08;1;26973;31344,9
57398;2026-06-08;49;26990;107204,94
57399;2026-06-08;76;27001;7820,26
57400;2026-06-08;21;27002;20752,84
57401;2026-06-08;10;27020;59977,77
57402;2026-06-08;19;27037;46338,7
57403;2026-06-08;70;27049;108425,35
57404;2026-06-08;56;27060;15474,05
57405;2026-06-08;38;27071;148756,06
57406;2026-06-08;70;27162;57699,05
57407;2026-06-08;33;27340;87019,33
57408;2026-06-08;47;27376;207307,17
57409;2026-06-08;5;27417;65648,0
57410;2026-06-09;11;26631;27075,25
57411;2026-06-09;12;26685;43261,69
57412;2026-06-09;68;26890;64571,17
57413;2026-06-09;4;26953;290871,21
57414;2026-06-09;17;26983;324972,78
57415;2026-06-09;73;27004;285778,89
57416;2026-06-09;21;27023;77497,6
57417;2026-06-09;25;27024;20572,15
57418;2026-06-09;19;27044;163743,62
57419;2026-06-09;78;27056;39458,52
57420;2026-06-09;35;27066;331804,83
57421;2026-06-09;1;27147;10699,42
57422;2026-06-09;41;27211;41634,93
57423;2026-06-09;27;27235;20849,58
57424;2026-06-09;42;27244;160707,26
57425;2026-06-09;71;27397;1634,14
57426;2026-06-09;14;27426;49973,42
57427;2026-06-10;60;25888;163646,16
57428;2026-06-10;51;26786;77367,75
57429;2026-06-10;24;26827;108012,26
57430;2026-06-10;79;27018;36343,74
57431;2026-06-10;63;27064;12704,65
57432;2026-06-10;31;27081;495729,48
57433;2026-06-11;13;26400;24418,17
57434;2026-06-11;18;26440;64488,01
57435;2026-06-11;7;26801;280542,76
57436;2026-06-11;22;26889;11515,52
57437;2026-06-11;22;27032;48053,84
57438;2026-06-11;43;27080;40405,52
57439;2026-06-11;56;27095;49511,7
57440;2026-06-11;66;27107;141966,29
57441;2026-06-11;42;27204;26642,52
57442;2026-06-11;41;27270;10246,73
57443;2026-06-11;77;27284;12210,31
57444;2026-06-11;33;27398;44638,08
57445;2026-06-12;53;26131;18455,77
57446;2026-06-12;20;26687;106868,32
57447;2026-06-12;39;26750;78066,95
57448;2026-06-12;61;26789;15960,74
57449;2026-06-12;35;26834;161455,12
57450;2026-06-12;67;26873;259929,69
57451;2026-06-12;57;27039;322826,09
57452;2026-06-12;50;27051;80453,07
57453;2026-06-12;43;27065;76425,64
57454;2026-06-12;38;27084;140029,78
57455;2026-06-12;58;27124;395939,8
57456;2026-06-12;75;27274;102579,79
57457;2026-06-12;27;27289;18841,97
57458;2026-06-12;78;27309;15785,31
57459;2026-06-12;5;27438;98811,52
57460;2026-06-13;15;26739;266265,48
57461;2026-06-13;13;26783;75881,62
57462;2026-06-13;61;26881;62195,4
57463;2026-06-13;57;27079;382539,31
57464;2026-06-13;23;27103;558869,84
57465;2026-06-13;37;27111;34022,49
57466;2026-06-13;32;27318;107559,98
57467;2026-06-13;69;27356;66980,78
57468;2026-06-14;54;26350;58711,64
57469;2026-06-14;54;26554;117639,96
57470;2026-06-14;15;26702;74491,36
57471;2026-06-14;34;26762;100321,96
57472;2026-06-14;29;26885;237881,09
57473;2026-06-14;67;26969;554577,12
57474;2026-06-14;73;27042;601233,57
57475;2026-06-14;79;27091;36641,21
57476;2026-06-14;46;27093;291669,32
57477;2026-06-14;6;27105;157270,22
57478;2026-06-14;63;27116;30655,06
57479;2026-06-14;65;27136;24432,77
57480;2026-06-14;63;27148;49756,74
57481;2026-06-14;69;27258;67238,93
57482;2026-06-14;5;27475;15021,34
57483;2026-06-15;4;26553;37866,86
57484;2026-06-15;20;26709;186052,49
57485;2026-06-15;36;26839;95557,38
57486;2026-06-15;8;26877;267877,37
57487;2026-06-15;70;27013;104748,69
57488;2026-06-15;80;27075;300982,31
57489;2026-06-15;65;27092;65166,31
57490;2026-06-15;80;27099;470205,35
57491;2026-06-15;73;27115;805339,89
57492;2026-06-15;38;27133;121665,53
57493;2026-06-15;80;27154;738651,52
57494;2026-06-15;25;27166;4826,72
57495;2026-06-15;43;27168;17807,06
57496;2026-06-15;41;27331;21212,29
57497;2026-06-16;61;26910;78191,6
57498;2026-06-16;24;26940;35024,61
57499;2026-06-16;67;27058;422199,13
57500;2026-06-16;50;27072;4851,55
57501;2026-06-16;57;27108;138754,16
57502;2026-06-16;56;27156;15363,18
57503;2026-06-17;53;26124;83369,76
57504;2026-06-17;60;26379;189136,75
57505;2026-06-17;20;26794;120556,55
57506;2026-06-17;62;26803;51047,97
57507;2026-06-17;74;26871;215151,05
57508;2026-06-17;44;26912;447290,51
57509;2026-06-17;1;26942;14355,72
57510;2026-06-17;44;27017;467618,07
57511;2026-06-17;19;27078;40859,67
57512;2026-06-17;56;27097;44973,12
57513;2026-06-17;72;27122;24652,26
57514;2026-06-17;17;27135;318630,67
57515;2026-06-17;43;27150;2268,67
57516;2026-06-17;75;27185;29947,08
57517;2026-06-17;75;27313;305379,68
57518;2026-06-18;26;26156;32289,03
57519;2026-06-18;39;26447;73877,67
57520;2026-06-18;36;26497;134410,11
57521;2026-06-18;29;26749;54548,44
57522;2026-06-18;58;27113;250140,48
57523;2026-06-18;3;27126;194193,5
57524;2026-06-18;1;27137;26052,86
57525;2026-06-18;23;27155;795520,91
57526;2026-06-18;2;27158;400237,24
57527;2026-06-18;58;27199;148664,96
57528;2026-06-18;69;27400;28053,0
57529;2026-06-19;60;26269;85067,61
57530;2026-06-19;45;26731;148041,81
57531;2026-06-19;39;26848;57623,2
57532;2026-06-19;4;26904;182952,62
57533;2026-06-19;7;26978;757830,82
57534;2026-06-19;56;27060;13031,36
57535;2026-06-19;52;27083;78843,42
57536;2026-06-19;52;27089;219560,48
57537;2026-06-19;63;27132;20036,78
57538;2026-06-19;76;27178;143916,84
57539;2026-06-19;63;27217;69648,63
57540;2026-06-19;42;27368;63911,77
57541;2026-06-20;50;27138;33136,03
57542;2026-06-20;35;27139;504929,63
57543;2026-06-20;56;27141;12679,45
57544;2026-06-20;75;27370;345440,56
57545;2026-06-21;53;25927;74830,36
57546;2026-06-21;18;26578;83118,7
57547;2026-06-21;7;27048;907654,42
57548;2026-06-21;36;27069;22872,26
57549;2026-06-21;7;27082;788449,33
57550;2026-06-21;70;27101;91752,96
57551;2026-06-21;43;27159;72183,28
57552;2026-06-21;2;27188;679748,18
57553;2026-06-21;66;27205;92846,38
57554;2026-06-21;66;27210;138904,88
57555;2026-06-21;78;27309;7403,15
57556;2026-06-22;7;26801;177427,98
57557;2026-06-22;20;26822;182187,65
57558;2026-06-22;61;27098;58789,74
57559;2026-06-22;58;27149;777746,6
57560;2026-06-22;22;27151;74305,07
57561;2026-06-22;6;27160;581172,21
57562;2026-06-22;49;27183;56422,46
57563;2026-06-22;23;27186;449241,8
57564;2026-06-22;73;27200;674458,64
57565;2026-06-22;27;27326;23070,04
57566;2026-06-22;77;27328;58087,56
57567;2026-06-22;69;27336;26993,9
57568;2026-06-22;77;27393;50206,29
57569;2026-06-22;27;27407;22268,75
57570;2026-06-22;33;27503;112110,94
57571;2026-06-22;71;27567;16640,37
57572;2026-06-22;71;27570;61484,46
57573;2026-06-23;29;26697;1335,82
57574;2026-06-23;54;26878;44065,25
57575;2026-06-23;62;26902;5103,43
57576;2026-06-23;44;26918;836456,67
57577;2026-06-23;24;26934;103231,63
57578;2026-06-23;44;27016;915149,1
57579;2026-06-23;8;27068;186246,37
57580;2026-06-23;6;27105;74544,78
57581;2026-06-23;52;27118;115214,47
57582;2026-06-23;1;27121;406,14
57583;2026-06-23;64;27128;101317,8
57584;2026-06-23;3;27175;65828,72
57585;2026-06-23;12;27223;13685,79
57586;2026-06-23;75;27395;170710,28
57587;2026-06-24;48;26519;709,72
57588;2026-06-24;54;26793;108304,55
57589;2026-06-24;17;26860;181066,54
57590;2026-06-24;20;26866;170383,09
57591;2026-06-24;66;26896;19199,84
57592;2026-06-24;16;27005;676950,93
57593;2026-06-24;52;27146;405422,86
57594;2026-06-24;2;27209;178550,19
57595;2026-06-24;6;27252;427964,03
57596;2026-06-24;17;27265;256552,51
57597;2026-06-24;73;27283;665854,89
57598;2026-06-24;36;27323;58058,25
57599;2026-06-24;70;27341;45001,66
57600;2026-06-24;77;27401;18527,78
57601;2026-06-25;60;25993;177551,24
57602;2026-06-25;74;26372;195836,85
57603;2026-06-25;53;26534;70734,67
57604;2026-06-25;20;26838;261736,17
57605;2026-06-25;39;26851;168868,67
57606;2026-06-25;50;26854;38785,15
57607;2026-06-25;48;26923;17551,61
57608;2026-06-25;62;26925;111437,16
57609;2026-06-25;40;27110;266738,73
57610;2026-06-25;68;27127;51745,65
57611;2026-06-25;19;27201;55815,25
57612;2026-06-25;9;27226;9861,14
57613;2026-06-26;54;26474;61570,39
57614;2026-06-26;16;27006;722452,68
57615;2026-06-26;64;27052;69702,92
57616;2026-06-26;16;27170;691317,47
57617;2026-06-26;19;27202;19285,12
57618;2026-06-26;49;27250;115161,43
57619;2026-06-26;76;27260;85359,21
57620;2026-06-26;35;27262;360509,03
57621;2026-06-26;56;27299;9292,64
57622;2026-06-26;27;27378;73147,64
57623;2026-06-26;77;27387;38685,88
57624;2026-06-26;47;27588;150648,46
57625;2026-06-26;71;27612;46431,11
57626;2026-06-27;51;26667;12703,32
57627;2026-06-27;61;27054;169374,74
57628;2026-06-27;16;27063;1103910,35
57629;2026-06-27;52;27083;54577,63
57630;2026-06-27;13;27182;45566,37
57631;2026-06-27;4;27225;273889,19
57632;2026-06-27;66;27256;26054,31
57633;2026-06-27;36;27259;251007,29
57634;2026-06-27;23;27264;1130961,08
57635;2026-06-27;80;27275;387845,14
57636;2026-06-27;38;27276;192071,63
57637;2026-06-27;78;27523;136937,56
57638;2026-06-27;47;27582;242696,78
57639;2026-06-28;76;27001;6470,31
57640;2026-06-28;56;27141;18694,82
57641;2026-06-28;51;27143;117589,12
57642;2026-06-28;49;27233;36889,97
57643;2026-06-28;31;27246;475186,74
57644;2026-06-28;2;27263;193041,21
57645;2026-06-28;2;27291;500047,61
57646;2026-06-28;69;27338;45567,21
57647;2026-06-28;42;27451;74950,41
57648;2026-06-28;28;27603;119641,66
57649;2026-06-28;14;27609;83480,66
57650;2026-06-28;14;27611;51237,15
57651;2026-06-29;11;26244;38605,24
57652;2026-06-29;21;27230;107226,1
57653;2026-06-29;9;27238;85127,3
57654;2026-06-29;38;27255;41552,83
57655;2026-06-29;6;27271;570472,8
57656;2026-06-29;19;27278;21062,74
57657;2026-06-29;19;27294;15981,94
57658;2026-06-29;17;27320;188354,41
57659;2026-06-29;31;27330;151248,37
57660;2026-06-29;12;27332;43475,6
57661;2026-06-29;5;27573;52622,04
57662;2026-06-30;55;26491;18808,9
57663;2026-06-30;45;26906;237601,96
57664;2026-06-30;52;27067;193538,3
57665;2026-06-30;68;27094;56584,76
57666;2026-06-30;2;27303;481918,99
57667;2026-06-30;49;27306;78522,03
57668;2026-06-30;2;27308;312068,06
57669;2026-06-30;46;27316;190929,04
57670;2026-06-30;27;27445;37510,91
57671;2026-06-30;41;27513;20530,01
57672;2026-06-30;47;27643;34721,48
